date_id,date
1,2004-07-23
2,2004-06-25
3,2004-04-15
4,2003-12-26
5,2003-10-17
6,2003-09-12
7,2003-09-08
8,2003-09-05
9,2003-08-22
10,2003-08-08
11,2003-08-05
12,2003-08-04
13,2003-07-28
14,2003-07-14
15,2003-07-08
16,2003-07-07
17,2003-06-18
18,2003-06-17
19,2003-06-09
20,2003-05-08
21,2003-05-05
22,2003-04-03
23,2003-03-25
24,2003-03-24
25,2003-03-10
26,2003-02-04
27,2003-01-06
28,2003-01-02
29,2002-12-06
30,2002-12-05
31,2013-04-04
32,2013-04-03
33,2013-04-02
34,2013-04-01
35,2013-03-29
36,2013-03-28
37,2013-03-27
38,2013-03-26
39,2013-03-25
40,2013-03-22
41,2013-03-21
42,2013-03-20
43,2013-03-19
44,2013-03-18
45,2013-03-15
46,2013-03-14
47,2013-03-13
48,2013-03-12
49,2013-03-11
50,2013-03-08
51,2013-03-07
52,2013-03-06
53,2013-03-05
54,2013-03-04
55,2013-03-01
56,2013-02-28
57,2013-02-27
58,2013-02-26
59,2013-02-25
60,2013-02-22
61,2013-02-21
62,2013-02-20
63,2013-02-19
64,2013-02-18
65,2013-02-15
66,2013-02-14
67,2013-02-13
68,2013-02-12
69,2013-02-11
70,2013-02-08
71,2013-02-07
72,2013-02-06
73,2013-02-05
74,2013-02-04
75,2013-02-01
76,2013-01-31
77,2013-01-30
78,2013-01-29
79,2013-01-28
80,2013-01-25
81,2013-01-24
82,2013-01-23
83,2013-01-22
84,2013-01-21
85,2013-01-18
86,2013-01-17
87,2013-01-16
88,2013-01-15
89,2013-01-14
90,2013-01-11
91,2013-01-10
92,2013-01-09
93,2013-01-08
94,2013-01-07
95,2013-01-04
96,2013-01-03
97,2013-01-02
98,2013-01-01
99,2012-12-31
100,2012-12-28
101,2012-12-27
102,2012-12-26
103,2012-12-25
104,2012-12-24
105,2012-12-22
106,2012-12-21
107,2012-12-20
108,2012-12-19
109,2012-12-18
110,2012-12-17
111,2012-12-14
112,2012-12-13
113,2012-12-12
114,2012-12-11
115,2012-12-10
116,2012-12-07
117,2012-12-06
118,2012-12-05
119,2012-12-04
120,2012-12-03
121,2012-11-30
122,2012-11-29
123,2012-11-28
124,2012-11-27
125,2012-11-26
126,2012-11-23
127,2012-11-22
128,2012-11-21
129,2012-11-20
130,2012-11-19
131,2012-11-16
132,2012-11-15
133,2012-11-14
134,2012-11-13
135,2012-11-12
136,2012-11-09
137,2012-11-08
138,2012-11-07
139,2012-11-06
140,2012-11-05
141,2012-11-02
142,2012-11-01
143,2012-10-31
144,2012-10-30
145,2012-10-29
146,2012-10-26
147,2012-10-25
148,2012-10-24
149,2012-10-23
150,2012-10-22
151,2012-10-19
152,2012-10-18
153,2012-10-17
154,2012-10-16
155,2012-10-15
156,2012-10-12
157,2012-10-11
158,2012-10-10
159,2012-10-09
160,2012-10-08
161,2012-10-05
162,2012-10-04
163,2012-10-03
164,2012-10-02
165,2012-10-01
166,2012-09-28
167,2012-09-27
168,2012-09-26
169,2012-09-25
170,2012-09-24
171,2012-09-21
172,2012-09-20
173,2012-09-19
174,2012-09-18
175,2012-09-17
176,2012-09-14
177,2012-09-13
178,2012-09-12
179,2012-09-11
180,2012-09-10
181,2012-09-07
182,2012-09-06
183,2012-09-05
184,2012-09-04
185,2012-09-03
186,2012-08-31
187,2012-08-30
188,2012-08-29
189,2012-08-28
190,2012-08-27
191,2012-08-24
192,2012-08-23
193,2012-08-22
194,2012-08-21
195,2012-08-20
196,2012-08-17
197,2012-08-16
198,2012-08-15
199,2012-08-14
200,2012-08-13
201,2012-08-10
202,2012-08-09
203,2012-08-08
204,2012-08-07
205,2012-08-06
206,2012-08-03
207,2012-08-02
208,2012-08-01
209,2012-07-31
210,2012-07-30
211,2012-07-27
212,2012-07-26
213,2012-07-25
214,2012-07-24
215,2012-07-23
216,2012-07-20
217,2012-07-19
218,2012-07-18
219,2012-07-17
220,2012-07-16
221,2012-07-13
222,2012-07-12
223,2012-07-11
224,2012-07-10
225,2012-07-09
226,2012-07-06
227,2012-07-05
228,2012-07-04
229,2012-07-03
230,2012-07-02
231,2012-06-29
232,2012-06-28
233,2012-06-27
234,2012-06-26
235,2012-06-25
236,2012-06-22
237,2012-06-21
238,2012-06-20
239,2012-06-19
240,2012-06-18
241,2012-06-15
242,2012-06-14
243,2012-06-13
244,2012-06-12
245,2012-06-11
246,2012-06-08
247,2012-06-07
248,2012-06-06
249,2012-06-05
250,2012-06-04
251,2012-06-01
252,2012-05-31
253,2012-05-30
254,2012-05-29
255,2012-05-28
256,2012-05-25
257,2012-05-24
258,2012-05-23
259,2012-05-22
260,2012-05-21
261,2012-05-18
262,2012-05-17
263,2012-05-16
264,2012-05-15
265,2012-05-14
266,2012-05-11
267,2012-05-10
268,2012-05-09
269,2012-05-08
270,2012-05-07
271,2012-05-04
272,2012-05-03
273,2012-05-02
274,2012-05-01
275,2012-04-30
276,2012-04-27
277,2012-04-26
278,2012-04-25
279,2012-04-24
280,2012-04-23
281,2012-04-20
282,2012-04-19
283,2012-04-18
284,2012-04-17
285,2012-04-16
286,2012-04-13
287,2012-04-12
288,2012-04-11
289,2012-04-10
290,2012-04-09
291,2012-04-06
292,2012-04-05
293,2012-04-04
294,2012-04-03
295,2012-04-02
296,2012-03-30
297,2012-03-29
298,2012-03-28
299,2012-03-27
300,2012-03-26
301,2012-03-23
302,2012-03-22
303,2012-03-21
304,2012-03-20
305,2012-03-19
306,2012-03-16
307,2012-03-15
308,2012-03-14
309,2012-03-13
310,2012-03-12
311,2012-03-09
312,2012-03-08
313,2012-03-07
314,2012-03-06
315,2012-03-05
316,2012-03-03
317,2012-03-02
318,2012-03-01
319,2012-02-29
320,2012-02-28
321,2012-02-27
322,2012-02-24
323,2012-02-23
324,2012-02-22
325,2012-02-21
326,2012-02-20
327,2012-02-17
328,2012-02-16
329,2012-02-15
330,2012-02-14
331,2012-02-13
332,2012-02-10
333,2012-02-09
334,2012-02-08
335,2012-02-07
336,2012-02-06
337,2012-02-04
338,2012-02-03
339,2012-02-02
340,2012-02-01
341,2012-01-31
342,2012-01-30
343,2012-01-27
344,2012-01-26
345,2012-01-25
346,2012-01-24
347,2012-01-23
348,2012-01-20
349,2012-01-19
350,2012-01-18
351,2012-01-17
352,2012-01-16
353,2012-01-13
354,2012-01-12
355,2012-01-11
356,2012-01-10
357,2012-01-09
358,2012-01-06
359,2012-01-05
360,2012-01-04
361,2012-01-03
362,2012-01-02
363,2011-12-30
364,2011-12-29
365,2011-12-28
366,2011-12-27
367,2011-12-26
368,2011-12-23
369,2011-12-22
370,2011-12-21
371,2011-12-20
372,2011-12-19
373,2011-12-16
374,2011-12-15
375,2011-12-14
376,2011-12-13
377,2011-12-12
378,2011-12-09
379,2011-12-08
380,2011-12-07
381,2011-12-06
382,2011-12-05
383,2011-12-02
384,2011-12-01
385,2011-11-30
386,2011-11-29
387,2011-11-28
388,2011-11-25
389,2011-11-24
390,2011-11-23
391,2011-11-22
392,2011-11-21
393,2011-11-18
394,2011-11-17
395,2011-11-16
396,2011-11-15
397,2011-11-14
398,2011-11-11
399,2011-11-10
400,2011-11-09
401,2011-11-08
402,2011-11-07
403,2011-11-04
404,2011-11-03
405,2011-11-02
406,2011-11-01
407,2011-10-31
408,2011-10-28
409,2011-10-27
410,2011-10-26
411,2011-10-25
412,2011-10-24
413,2011-10-21
414,2011-10-20
415,2011-10-19
416,2011-10-18
417,2011-10-17
418,2011-10-14
419,2011-10-13
420,2011-10-12
421,2011-10-11
422,2011-10-10
423,2011-10-07
424,2011-10-06
425,2011-10-05
426,2011-10-04
427,2011-10-03
428,2011-09-30
429,2011-09-29
430,2011-09-28
431,2011-09-27
432,2011-09-26
433,2011-09-23
434,2011-09-22
435,2011-09-21
436,2011-09-20
437,2011-09-19
438,2011-09-16
439,2011-09-15
440,2011-09-14
441,2011-09-13
442,2011-09-12
443,2011-09-09
444,2011-09-08
445,2011-09-07
446,2011-09-06
447,2011-09-05
448,2011-09-02
449,2011-09-01
450,2011-08-31
451,2011-08-30
452,2011-08-29
453,2011-08-26
454,2011-08-25
455,2011-08-24
456,2011-08-23
457,2011-08-22
458,2011-08-19
459,2011-08-18
460,2011-08-17
461,2011-08-16
462,2011-08-15
463,2011-08-12
464,2011-08-11
465,2011-08-10
466,2011-08-09
467,2011-08-08
468,2011-08-05
469,2011-08-04
470,2011-08-03
471,2011-08-02
472,2011-08-01
473,2011-07-29
474,2011-07-28
475,2011-07-27
476,2011-07-26
477,2011-07-25
478,2011-07-22
479,2011-07-21
480,2011-07-20
481,2011-07-19
482,2011-07-18
483,2011-07-15
484,2011-07-14
485,2011-07-14
486,2011-07-13
487,2011-07-12
488,2011-07-11
489,2011-07-08
490,2011-07-07
491,2011-07-06
492,2011-07-05
493,2011-07-04
494,2011-07-01
495,2011-06-30
496,2011-06-29
497,2011-06-28
498,2011-06-27
499,2011-06-24
500,2011-06-23
501,2011-06-22
502,2011-06-21
503,2011-06-20
504,2011-06-17
505,2011-06-16
506,2011-06-15
507,2011-06-14
508,2011-06-13
509,2011-06-10
510,2011-06-09
511,2011-06-08
512,2011-06-07
513,2011-06-06
514,2011-06-03
515,2011-06-02
516,2011-06-01
517,2011-05-31
518,2011-05-30
519,2011-05-27
520,2011-05-26
521,2011-05-25
522,2011-05-24
523,2011-05-23
524,2011-05-20
525,2011-05-19
526,2011-05-18
527,2011-05-17
528,2011-05-16
529,2011-05-13
530,2011-05-12
531,2011-05-11
532,2011-05-10
533,2011-05-09
534,2011-05-06
535,2011-05-05
536,2011-05-04
537,2011-05-03
538,2011-05-02
539,2011-04-29
540,2011-04-28
541,2011-04-27
542,2011-04-26
543,2011-04-25
544,2011-04-22
545,2011-04-21
546,2011-04-20
547,2011-04-19
548,2011-04-18
549,2011-04-15
550,2011-04-14
551,2011-04-13
552,2011-04-12
553,2011-04-11
554,2011-04-08
555,2011-04-07
556,2011-04-06
557,2011-04-05
558,2011-04-04
559,2011-04-01
560,2011-03-31
561,2011-03-30
562,2011-03-29
563,2011-03-28
564,2011-03-25
565,2011-03-24
566,2011-03-23
567,2011-03-22
568,2011-03-21
569,2011-03-18
570,2011-03-17
571,2011-03-16
572,2011-03-15
573,2011-03-14
574,2011-03-11
575,2011-03-10
576,2011-03-09
577,2011-03-08
578,2011-03-07
579,2011-03-04
580,2011-03-03
581,2011-03-02
582,2011-03-01
583,2011-02-28
584,2011-02-25
585,2011-02-24
586,2011-02-23
587,2011-02-22
588,2011-02-21
589,2011-02-18
590,2011-02-17
591,2011-02-16
592,2011-02-15
593,2011-02-14
594,2011-02-11
595,2011-02-10
596,2011-02-09
597,2011-02-08
598,2011-02-07
599,2011-02-04
600,2011-02-03
601,2011-02-02
602,2011-02-01
603,2011-01-31
604,2011-01-28
605,2011-01-27
606,2011-01-26
607,2011-01-25
608,2011-01-24
609,2011-01-21
610,2011-01-20
611,2011-01-19
612,2011-01-18
613,2011-01-17
614,2011-01-14
615,2011-01-13
616,2011-01-12
617,2011-01-11
618,2011-01-10
619,2011-01-07
620,2011-01-06
621,2011-01-05
622,2011-01-04
623,2011-01-03
624,2010-12-31
625,2010-12-30
626,2010-12-29
627,2010-12-28
628,2010-12-27
629,2010-12-24
630,2010-12-23
631,2010-12-22
632,2010-12-21
633,2010-12-20
634,2010-12-17
635,2010-12-16
636,2010-12-15
637,2010-12-14
638,2010-12-13
639,2010-12-10
640,2010-12-09
641,2010-12-08
642,2010-12-07
643,2010-12-06
644,2010-12-03
645,2010-12-02
646,2010-12-01
647,2010-11-30
648,2010-11-29
649,2010-11-26
650,2010-11-25
651,2010-11-24
652,2010-11-23
653,2010-11-22
654,2010-11-19
655,2010-11-18
656,2010-11-17
657,2010-11-16
658,2010-11-15
659,2010-11-12
660,2010-11-11
661,2010-11-10
662,2010-11-09
663,2010-11-08
664,2010-11-05
665,2010-11-04
666,2010-11-03
667,2010-11-02
668,2010-11-01
669,2010-10-29
670,2010-10-28
671,2010-10-27
672,2010-10-26
673,2010-10-25
674,2010-10-22
675,2010-10-21
676,2010-10-20
677,2010-10-19
678,2010-10-18
679,2010-10-15
680,2010-10-14
681,2010-10-13
682,2010-10-12
683,2010-10-11
684,2010-10-08
685,2010-10-07
686,2010-10-06
687,2010-10-05
688,2010-10-04
689,2010-10-01
690,2010-09-30
691,2010-09-29
692,2010-09-28
693,2010-09-27
694,2010-09-24
695,2010-09-23
696,2010-09-22
697,2010-09-21
698,2010-09-20
699,2010-09-17
700,2010-09-16
701,2010-09-15
702,2010-09-14
703,2010-09-13
704,2010-09-10
705,2010-09-09
706,2010-09-08
707,2010-09-07
708,2010-09-06
709,2010-09-03
710,2010-09-02
711,2010-09-01
712,2010-08-31
713,2010-08-30
714,2010-08-27
715,2010-08-26
716,2010-08-25
717,2010-08-24
718,2010-08-23
719,2010-08-20
720,2010-08-19
721,2010-08-18
722,2010-08-17
723,2010-08-16
724,2010-08-13
725,2010-08-12
726,2010-08-11
727,2010-08-10
728,2010-08-09
729,2010-08-06
730,2010-08-05
731,2010-08-04
732,2010-08-03
733,2010-08-02
734,2010-07-30
735,2010-07-29
736,2010-07-28
737,2010-07-27
738,2010-07-26
739,2010-07-23
740,2010-07-22
741,2010-07-21
742,2010-07-20
743,2010-07-19
744,2010-07-16
745,2010-07-15
746,2010-07-14
747,2010-07-13
748,2010-07-12
749,2010-07-09
750,2010-07-08
751,2010-07-07
752,2010-07-06
753,2010-07-05
754,2010-07-02
755,2010-07-01
756,2010-06-30
757,2010-06-29
758,2010-06-28
759,2010-06-25
760,2010-06-24
761,2010-06-23
762,2010-06-22
763,2010-06-21
764,2010-06-18
765,2010-06-17
766,2010-06-16
767,2010-06-15
768,2010-06-14
769,2010-06-11
770,2010-06-10
771,2010-06-09
772,2010-06-08
773,2010-06-07
774,2010-06-04
775,2010-06-03
776,2010-06-02
777,2010-06-01
778,2010-05-31
779,2010-05-28
780,2010-05-27
781,2010-05-26
782,2010-05-25
783,2010-05-24
784,2010-05-21
785,2010-05-20
786,2010-05-19
787,2010-05-18
788,2010-05-17
789,2010-05-14
790,2010-05-13
791,2010-05-12
792,2010-05-11
793,2010-05-10
794,2010-05-07
795,2010-05-06
796,2010-05-05
797,2010-05-04
798,2010-05-03
799,2010-04-30
800,2010-04-29
801,2010-04-28
802,2010-04-27
803,2010-04-26
804,2010-04-23
805,2010-04-22
806,2010-04-21
807,2010-04-20
808,2010-04-19
809,2010-04-16
810,2010-04-15
811,2010-04-14
812,2010-04-13
813,2010-04-12
814,2010-04-09
815,2010-04-08
816,2010-04-07
817,2010-04-06
818,2010-04-05
819,2010-04-02
820,2010-04-01
821,2010-03-31
822,2010-03-30
823,2010-03-29
824,2010-03-26
825,2010-03-25
826,2010-03-24
827,2010-03-23
828,2010-03-22
829,2010-03-19
830,2010-03-18
831,2010-03-17
832,2010-03-16
833,2010-03-15
834,2010-03-12
835,2010-03-11
836,2010-03-10
837,2010-03-09
838,2010-03-08
839,2010-03-05
840,2010-03-04
841,2010-03-03
842,2010-03-02
843,2010-03-01
844,2010-02-26
845,2010-02-25
846,2010-02-24
847,2010-02-23
848,2010-02-22
849,2010-02-19
850,2010-02-18
851,2010-02-17
852,2010-02-16
853,2010-02-15
854,2010-02-12
855,2010-02-11
856,2010-02-10
857,2010-02-09
858,2010-02-08
859,2010-02-06
860,2010-02-05
861,2010-02-04
862,2010-02-03
863,2010-02-02
864,2010-02-01
865,2010-01-29
866,2010-01-28
867,2010-01-27
868,2010-01-26
869,2010-01-25
870,2010-01-22
871,2010-01-21
872,2010-01-20
873,2010-01-19
874,2010-01-18
875,2010-01-15
876,2010-01-14
877,2010-01-13
878,2010-01-12
879,2010-01-11
880,2010-01-08
881,2010-01-07
882,2010-01-06
883,2010-01-05
884,2010-01-04
885,2009-12-31
886,2009-12-30
887,2009-12-29
888,2009-12-28
889,2009-12-25
890,2009-12-24
891,2009-12-23
892,2009-12-22
893,2009-12-21
894,2009-12-18
895,2009-12-17
896,2009-12-16
897,2009-12-15
898,2009-12-14
899,2009-12-11
900,2009-12-10
901,2009-12-09
902,2009-12-08
903,2009-12-07
904,2009-12-04
905,2009-12-03
906,2009-12-02
907,2009-12-01
908,2009-11-30
909,2009-11-27
910,2009-11-26
911,2009-11-25
912,2009-11-24
913,2009-11-23
914,2009-11-20
915,2009-11-19
916,2009-11-18
917,2009-11-17
918,2009-11-16
919,2009-11-13
920,2009-11-12
921,2009-11-11
922,2009-11-10
923,2009-11-09
924,2009-11-06
925,2009-11-05
926,2009-11-04
927,2009-11-03
928,2009-11-02
929,2009-10-30
930,2009-10-29
931,2009-10-28
932,2009-10-27
933,2009-10-26
934,2009-10-23
935,2009-10-22
936,2009-10-21
937,2009-10-20
938,2009-10-19
939,2009-10-16
940,2009-10-15
941,2009-10-14
942,2009-10-13
943,2009-10-12
944,2009-10-09
945,2009-10-08
946,2009-10-07
947,2009-10-06
948,2009-10-05
949,2009-10-02
950,2009-10-01
951,2009-09-30
952,2009-09-29
953,2009-09-28
954,2009-09-25
955,2009-09-24
956,2009-09-23
957,2009-09-22
958,2009-09-21
959,2009-09-18
960,2009-09-17
961,2009-09-16
962,2009-09-15
963,2009-09-14
964,2009-09-11
965,2009-09-10
966,2009-09-09
967,2009-09-08
968,2009-09-07
969,2009-09-04
970,2009-09-03
971,2009-09-02
972,2009-09-01
973,2009-08-31
974,2009-08-28
975,2009-08-27
976,2009-08-26
977,2009-08-25
978,2009-08-24
979,2009-08-21
980,2009-08-20
981,2009-08-19
982,2009-08-18
983,2009-08-17
984,2009-08-14
985,2009-08-13
986,2009-08-12
987,2009-08-11
988,2009-08-10
989,2009-08-07
990,2009-08-06
991,2009-08-05
992,2009-08-04
993,2009-08-03
994,2009-07-31
995,2009-07-30
996,2009-07-29
997,2009-07-28
998,2009-07-27
999,2009-07-24
1000,2009-07-23
1001,2009-07-22
1002,2009-07-21
1003,2009-07-20
1004,2009-07-17
1005,2009-07-16
1006,2009-07-15
1007,2009-07-14
1008,2009-07-13
1009,2009-07-10
1010,2009-07-09
1011,2009-07-08
1012,2009-07-07
1013,2009-07-06
1014,2009-07-03
1015,2009-07-02
1016,2009-07-01
1017,2009-06-30
1018,2009-06-29
1019,2009-06-26
1020,2009-06-25
1021,2009-06-24
1022,2009-06-23
1023,2009-06-22
1024,2009-06-19
1025,2009-06-18
1026,2009-06-17
1027,2009-06-16
1028,2009-06-15
1029,2009-06-12
1030,2009-06-11
1031,2009-06-10
1032,2009-06-09
1033,2009-06-08
1034,2009-06-05
1035,2009-06-04
1036,2009-06-03
1037,2009-06-02
1038,2009-06-01
1039,2009-05-29
1040,2009-05-28
1041,2009-05-27
1042,2009-05-26
1043,2009-05-25
1044,2009-05-22
1045,2009-05-21
1046,2009-05-20
1047,2009-05-19
1048,2009-05-18
1049,2009-05-15
1050,2009-05-14
1051,2009-05-13
1052,2009-05-12
1053,2009-05-11
1054,2009-05-08
1055,2009-05-07
1056,2009-05-06
1057,2009-05-05
1058,2009-05-04
1059,2009-05-01
1060,2009-04-30
1061,2009-04-29
1062,2009-04-28
1063,2009-04-27
1064,2009-04-24
1065,2009-04-23
1066,2009-04-22
1067,2009-04-21
1068,2009-04-20
1069,2009-04-17
1070,2009-04-16
1071,2009-04-15
1072,2009-04-14
1073,2009-04-13
1074,2009-04-09
1075,2009-04-08
1076,2009-04-07
1077,2009-04-06
1078,2009-04-03
1079,2009-04-02
1080,2009-04-01
1081,2009-03-31
1082,2009-03-30
1083,2009-03-27
1084,2009-03-26
1085,2009-03-25
1086,2009-03-24
1087,2009-03-23
1088,2009-03-20
1089,2009-03-19
1090,2009-03-18
1091,2009-03-17
1092,2009-03-16
1093,2009-03-13
1094,2009-03-12
1095,2009-03-11
1096,2009-03-10
1097,2009-03-09
1098,2009-03-06
1099,2009-03-05
1100,2009-03-04
1101,2009-03-03
1102,2009-03-02
1103,2009-02-27
1104,2009-02-26
1105,2009-02-25
1106,2009-02-24
1107,2009-02-23
1108,2009-02-20
1109,2009-02-19
1110,2009-02-18
1111,2009-02-17
1112,2009-02-16
1113,2009-02-13
1114,2009-02-12
1115,2009-02-11
1116,2009-02-10
1117,2009-02-09
1118,2009-02-06
1119,2009-02-05
1120,2009-02-04
1121,2009-02-03
1122,2009-02-02
1123,2009-01-30
1124,2009-01-29
1125,2009-01-28
1126,2009-01-27
1127,2009-01-26
1128,2009-01-23
1129,2009-01-22
1130,2009-01-21
1131,2009-01-20
1132,2009-01-19
1133,2009-01-16
1134,2009-01-15
1135,2009-01-14
1136,2009-01-13
1137,2009-01-12
1138,2009-01-09
1139,2009-01-08
1140,2009-01-07
1141,2009-01-06
1142,2009-01-05
1143,2009-01-02
1144,2008-12-31
1145,2008-12-30
1146,2008-12-29
1147,2008-12-26
1148,2008-12-24
1149,2008-12-23
1150,2008-12-22
1151,2008-12-19
1152,2008-12-18
1153,2008-12-17
1154,2008-12-16
1155,2008-12-15
1156,2008-12-12
1157,2008-12-11
1158,2008-12-10
1159,2008-12-09
1160,2008-12-08
1161,2008-12-05
1162,2008-12-04
1163,2008-12-03
1164,2008-12-02
1165,2008-12-01
1166,2008-11-28
1167,2008-11-27
1168,2008-11-26
1169,2008-11-25
1170,2008-11-24
1171,2008-11-21
1172,2008-11-20
1173,2008-11-19
1174,2008-11-18
1175,2008-11-17
1176,2008-11-14
1177,2008-11-13
1178,2008-11-12
1179,2008-11-11
1180,2008-11-10
1181,2008-11-07
1182,2008-11-06
1183,2008-11-05
1184,2008-11-04
1185,2008-11-03
1186,2008-10-31
1187,2008-10-30
1188,2008-10-29
1189,2008-10-28
1190,2008-10-27
1191,2008-10-24
1192,2008-10-23
1193,2008-10-22
1194,2008-10-21
1195,2008-10-20
1196,2008-10-17
1197,2008-10-16
1198,2008-10-15
1199,2008-10-14
1200,2008-10-13
1201,2008-10-10
1202,2008-10-09
1203,2008-10-08
1204,2008-10-07
1205,2008-10-06
1206,2008-10-03
1207,2008-10-02
1208,2008-10-01
1209,2008-09-30
1210,2008-09-29
1211,2008-09-26
1212,2008-09-25
1213,2008-09-24
1214,2008-09-23
1215,2008-09-22
1216,2008-09-19
1217,2008-09-18
1218,2008-09-17
1219,2008-09-16
1220,2008-09-15
1221,2008-09-12
1222,2008-09-11
1223,2008-09-10
1224,2008-09-09
1225,2008-09-08
1226,2008-09-05
1227,2008-09-04
1228,2008-09-03
1229,2008-09-02
1230,2008-09-01
1231,2008-08-29
1232,2008-08-28
1233,2008-08-27
1234,2008-08-26
1235,2008-08-25
1236,2008-08-22
1237,2008-08-21
1238,2008-08-20
1239,2008-08-19
1240,2008-08-18
1241,2008-08-15
1242,2008-08-14
1243,2008-08-13
1244,2008-08-12
1245,2008-08-11
1246,2008-08-08
1247,2008-08-07
1248,2008-08-06
1249,2008-08-05
1250,2008-08-04
1251,2008-08-01
1252,2008-07-31
1253,2008-07-30
1254,2008-07-29
1255,2008-07-28
1256,2008-07-25
1257,2008-07-24
1258,2008-07-23
1259,2008-07-22
1260,2008-07-21
1261,2008-07-18
1262,2008-07-17
1263,2008-07-16
1264,2008-07-15
1265,2008-07-14
1266,2008-07-11
1267,2008-07-10
1268,2008-07-09
1269,2008-07-08
1270,2008-07-07
1271,2008-07-04
1272,2008-07-03
1273,2008-07-02
1274,2008-07-01
1275,2008-06-30
1276,2008-06-27
1277,2008-06-26
1278,2008-06-25
1279,2008-06-24
1280,2008-06-23
1281,2008-06-20
1282,2008-06-19
1283,2008-06-18
1284,2008-06-17
1285,2008-06-16
1286,2008-06-13
1287,2008-06-12
1288,2008-06-11
1289,2008-06-10
1290,2008-06-09
1291,2008-06-06
1292,2008-06-05
1293,2008-06-04
1294,2008-06-03
1295,2008-06-02
1296,2008-05-30
1297,2008-05-29
1298,2008-05-28
1299,2008-05-27
1300,2008-05-26
1301,2008-05-23
1302,2008-05-22
1303,2008-05-21
1304,2008-05-20
1305,2008-05-19
1306,2008-05-16
1307,2008-05-15
1308,2008-05-14
1309,2008-05-13
1310,2008-05-12
1311,2008-05-09
1312,2008-05-08
1313,2008-05-07
1314,2008-05-06
1315,2008-05-05
1316,2008-05-02
1317,2008-05-01
1318,2008-04-30
1319,2008-04-29
1320,2008-04-28
1321,2008-04-25
1322,2008-04-24
1323,2008-04-23
1324,2008-04-22
1325,2008-04-21
1326,2008-04-18
1327,2008-04-17
1328,2008-04-16
1329,2008-04-15
1330,2008-04-14
1331,2008-04-11
1332,2008-04-10
1333,2008-04-09
1334,2008-04-08
1335,2008-04-07
1336,2008-04-04
1337,2008-04-03
1338,2008-04-02
1339,2008-04-01
1340,2008-03-31
1341,2008-03-28
1342,2008-03-27
1343,2008-03-26
1344,2008-03-25
1345,2008-03-24
1346,2008-03-20
1347,2008-03-19
1348,2008-03-18
1349,2008-03-17
1350,2008-03-14
1351,2008-03-13
1352,2008-03-12
1353,2008-03-11
1354,2008-03-10
1355,2008-03-07
1356,2008-03-06
1357,2008-03-05
1358,2008-03-04
1359,2008-03-03
1360,2008-02-29
1361,2008-02-28
1362,2008-02-27
1363,2008-02-26
1364,2008-02-25
1365,2008-02-22
1366,2008-02-21
1367,2008-02-20
1368,2008-02-19
1369,2008-02-18
1370,2008-02-15
1371,2008-02-14
1372,2008-02-13
1373,2008-02-12
1374,2008-02-11
1375,2008-02-08
1376,2008-02-07
1377,2008-02-06
1378,2008-02-05
1379,2008-02-04
1380,2008-02-01
1381,2008-01-31
1382,2008-01-30
1383,2008-01-29
1384,2008-01-28
1385,2008-01-25
1386,2008-01-24
1387,2008-01-23
1388,2008-01-22
1389,2008-01-21
1390,2008-01-18
1391,2008-01-17
1392,2008-01-16
1393,2008-01-15
1394,2008-01-14
1395,2008-01-11
1396,2008-01-10
1397,2008-01-09
1398,2008-01-08
1399,2008-01-07
1400,2008-01-04
1401,2008-01-03
1402,2008-01-02
1403,2007-12-31
1404,2007-12-28
1405,2007-12-27
1406,2007-12-26
1407,2007-12-24
1408,2007-12-21
1409,2007-12-20
1410,2007-12-19
1411,2007-12-18
1412,2007-12-17
1413,2007-12-14
1414,2007-12-13
1415,2007-12-12
1416,2007-12-11
1417,2007-12-10
1418,2007-12-07
1419,2007-12-06
1420,2007-12-05
1421,2007-12-04
1422,2007-12-03
1423,2007-11-30
1424,2007-11-29
1425,2007-11-28
1426,2007-11-27
1427,2007-11-26
1428,2007-11-23
1429,2007-11-22
1430,2007-11-21
1431,2007-11-20
1432,2007-11-19
1433,2007-11-16
1434,2007-11-15
1435,2007-11-14
1436,2007-11-13
1437,2007-11-12
1438,2007-11-09
1439,2007-11-08
1440,2007-11-07
1441,2007-11-06
1442,2007-11-05
1443,2007-11-02
1444,2007-11-01
1445,2007-10-31
1446,2007-10-30
1447,2007-10-29
1448,2007-10-26
1449,2007-10-25
1450,2007-10-24
1451,2007-10-23
1452,2007-10-22
1453,2007-10-19
1454,2007-10-18
1455,2007-10-17
1456,2007-10-16
1457,2007-10-15
1458,2007-10-12
1459,2007-10-11
1460,2007-10-10
1461,2007-10-09
1462,2007-10-08
1463,2007-10-05
1464,2007-10-04
1465,2007-10-03
1466,2007-10-02
1467,2007-10-01
1468,2007-09-28
1469,2007-09-27
1470,2007-09-26
1471,2007-09-25
1472,2007-09-24
1473,2007-09-21
1474,2007-09-20
1475,2007-09-19
1476,2007-09-18
1477,2007-09-17
1478,2007-09-14
1479,2007-09-13
1480,2007-09-12
1481,2007-09-11
1482,2007-09-10
1483,2007-09-07
1484,2007-09-06
1485,2007-09-05
1486,2007-09-04
1487,2007-09-03
1488,2007-08-31
1489,2007-08-30
1490,2007-08-29
1491,2007-08-28
1492,2007-08-27
1493,2007-08-24
1494,2007-08-23
1495,2007-08-22
1496,2007-08-21
1497,2007-08-20
1498,2007-08-17
1499,2007-08-16
1500,2007-08-15
1501,2007-08-14
1502,2007-08-13
1503,2007-08-10
1504,2007-08-09
1505,2007-08-08
1506,2007-08-07
1507,2007-08-06
1508,2007-08-03
1509,2007-08-02
1510,2007-08-01
1511,2007-07-31
1512,2007-07-30
1513,2007-07-27
1514,2007-07-26
1515,2007-07-25
1516,2007-07-24
1517,2007-07-23
1518,2007-07-20
1519,2007-07-19
1520,2007-07-18
1521,2007-07-17
1522,2007-07-16
1523,2007-07-13
1524,2007-07-12
1525,2007-07-11
1526,2007-07-10
1527,2007-07-09
1528,2007-07-06
1529,2007-07-05
1530,2007-07-04
1531,2007-07-03
1532,2007-07-02
1533,2007-06-29
1534,2007-06-28
1535,2007-06-27
1536,2007-06-26
1537,2007-06-25
1538,2007-06-22
1539,2007-06-21
1540,2007-06-20
1541,2007-06-19
1542,2007-06-18
1543,2007-06-15
1544,2007-06-14
1545,2007-06-13
1546,2007-06-12
1547,2007-06-11
1548,2007-06-08
1549,2007-06-07
1550,2007-06-06
1551,2007-06-05
1552,2007-06-04
1553,2007-06-01
1554,2007-05-31
1555,2007-05-30
1556,2007-05-29
1557,2007-05-28
1558,2007-05-25
1559,2007-05-24
1560,2007-05-23
1561,2007-05-22
1562,2007-05-21
1563,2007-05-18
1564,2007-05-17
1565,2007-05-16
1566,2007-05-15
1567,2007-05-14
1568,2007-05-11
1569,2007-05-10
1570,2007-05-09
1571,2007-05-08
1572,2007-05-07
1573,2007-05-04
1574,2007-05-03
1575,2007-05-02
1576,2007-05-01
1577,2007-04-30
1578,2007-04-27
1579,2007-04-26
1580,2007-04-25
1581,2007-04-24
1582,2007-04-23
1583,2007-04-20
1584,2007-04-19
1585,2007-04-18
1586,2007-04-17
1587,2007-04-16
1588,2007-04-13
1589,2007-04-12
1590,2007-04-11
1591,2007-04-10
1592,2007-04-09
1593,2007-04-06
1594,2007-04-05
1595,2007-04-04
1596,2007-04-03
1597,2007-04-02
1598,2007-03-30
1599,2007-03-29
1600,2007-03-28
1601,2007-03-27
1602,2007-03-26
1603,2007-03-23
1604,2007-03-22
1605,2007-03-21
1606,2007-03-23
1607,2007-03-20
1608,2007-03-19
1609,2007-03-16
1610,2007-03-15
1611,2007-03-14
1612,2007-03-13
1613,2007-03-12
1614,2007-03-09
1615,2007-03-08
1616,2007-03-07
1617,2007-03-06
1618,2007-03-05
1619,2007-03-02
1620,2007-03-01
1621,2007-02-28
1622,2007-02-27
1623,2007-02-26
1624,2007-02-23
1625,2007-02-22
1626,2007-02-21
1627,2007-02-20
1628,2007-02-19
1629,2007-02-16
1630,2007-02-15
1631,2007-02-14
1632,2007-02-13
1633,2007-02-12
1634,2007-02-09
1635,2007-02-08
1636,2007-02-07
1637,2007-02-06
1638,2007-02-05
1639,2007-02-02
1640,2007-02-01
1641,2007-01-31
1642,2007-01-30
1643,2007-01-29
1644,2007-01-26
1645,2007-01-25
1646,2007-01-24
1647,2007-01-23
1648,2007-01-22
1649,2007-01-19
1650,2007-01-18
1651,2007-01-17
1652,2007-01-16
1653,2007-01-15
1654,2007-01-12
1655,2007-01-11
1656,2007-01-10
1657,2007-01-09
1658,2007-01-08
1659,2007-01-05
1660,2007-01-04
1661,2007-01-03
1662,2007-01-02
1663,2006-12-29
1664,2006-12-28
1665,2006-12-27
1666,2006-12-26
1667,2006-12-22
1668,2006-12-21
1669,2006-12-20
1670,2006-12-19
1671,2006-12-18
1672,2006-12-15
1673,2006-12-14
1674,2006-12-13
1675,2006-12-12
1676,2006-12-11
1677,2006-12-08
1678,2006-12-07
1679,2006-12-06
1680,2006-12-05
1681,2006-12-04
1682,2006-12-01
1683,2006-11-30
1684,2006-11-29
1685,2006-11-28
1686,2006-11-27
1687,2006-11-24
1688,2006-11-23
1689,2006-11-22
1690,2006-11-21
1691,2006-11-20
1692,2006-11-17
1693,2006-11-16
1694,2006-11-15
1695,2006-11-14
1696,2006-11-13
1697,2006-11-10
1698,2006-11-09
1699,2006-11-08
1700,2006-11-07
1701,2006-11-06
1702,2006-11-03
1703,2006-11-02
1704,2006-11-01
1705,2006-10-31
1706,2006-10-30
1707,2006-10-27
1708,2006-10-26
1709,2006-10-25
1710,2006-10-24
1711,2006-10-23
1712,2006-10-20
1713,2006-10-19
1714,2006-10-18
1715,2006-10-17
1716,2006-10-16
1717,2006-10-13
1718,2006-10-12
1719,2006-10-11
1720,2006-10-10
1721,2006-10-09
1722,2006-10-06
1723,2006-10-05
1724,2006-10-04
1725,2006-10-03
1726,2006-10-02
1727,2006-09-29
1728,2006-09-28
1729,2006-09-27
1730,2006-09-26
1731,2006-09-25
1732,2006-09-22
1733,2006-09-21
1734,2006-09-20
1735,2006-09-19
1736,2006-09-18
1737,2006-09-15
1738,2006-09-14
1739,2006-09-13
1740,2006-09-12
1741,2006-09-11
1742,2006-09-08
1743,2006-09-07
1744,2006-09-06
1745,2006-09-05
1746,2006-09-04
1747,2006-09-01
1748,2006-08-31
1749,2006-08-30
1750,2006-08-29
1751,2006-08-28
1752,2006-08-25
1753,2006-08-24
1754,2006-08-23
1755,2006-08-22
1756,2006-08-21
1757,2006-08-18
1758,2006-08-17
1759,2006-08-16
1760,2006-08-15
1761,2006-08-14
1762,2006-08-11
1763,2006-08-10
1764,2006-08-09
1765,2006-08-08
1766,2006-08-07
1767,2006-08-04
1768,2006-08-03
1769,2006-08-02
1770,2006-08-01
1771,2006-07-31
1772,2006-07-28
1773,2006-07-27
1774,2006-07-26
1775,2006-07-25
1776,2006-07-24
1777,2006-07-21
1778,2006-07-20
1779,2006-07-19
1780,2006-07-18
1781,2006-07-17
1782,2006-07-14
1783,2006-07-13
1784,2006-07-12
1785,2006-07-11
1786,2006-07-10
1787,2006-07-07
1788,2006-07-06
1789,2006-07-05
1790,2006-07-04
1791,2006-07-03
1792,2006-06-30
1793,2006-06-29
1794,2006-06-28
1795,2006-06-27
1796,2006-06-26
1797,2006-06-23
1798,2006-06-22
1799,2006-06-21
1800,2006-06-20
1801,2006-06-19
1802,2006-06-16
1803,2006-06-15
1804,2006-06-14
1805,2006-06-13
1806,2006-06-12
1807,2006-06-09
1808,2006-06-08
1809,2006-06-07
1810,2006-06-06
1811,2006-06-05
1812,2006-06-02
1813,2006-06-01
1814,2006-05-31
1815,2006-05-30
1816,2006-05-29
1817,2006-05-26
1818,2006-05-25
1819,2006-05-24
1820,2006-05-23
1821,2006-05-22
1822,2006-05-19
1823,2006-05-18
1824,2006-05-17
1825,2006-05-16
1826,2006-05-15
1827,2006-05-12
1828,2006-05-11
1829,2006-05-10
1830,2006-05-09
1831,2006-05-08
1832,2006-05-05
1833,2006-05-04
1834,2006-05-03
1835,2006-05-02
1836,2006-05-01
1837,2006-04-28
1838,2006-04-27
1839,2006-04-26
1840,2006-04-25
1841,2006-04-24
1842,2006-04-21
1843,2006-04-20
1844,2006-04-19
1845,2006-04-18
1846,2006-04-17
1847,2006-04-14
1848,2006-04-13
1849,2006-04-12
1850,2006-04-11
1851,2006-04-10
1852,2006-04-07
1853,2006-04-06
1854,2006-04-05
1855,2006-04-04
1856,2006-04-03
1857,2006-03-31
1858,2006-03-30
1859,2006-03-29
1860,2006-03-28
1861,2006-03-27
1862,2006-03-24
1863,2006-03-23
1864,2006-03-22
1865,2006-03-21
1866,2006-03-20
1867,2006-03-17
1868,2006-03-16
1869,2006-03-15
1870,2006-03-14
1871,2006-03-13
1872,2006-03-10
1873,2006-03-09
1874,2006-03-08
1875,2006-03-07
1876,2006-03-06
1877,2006-03-03
1878,2006-03-02
1879,2006-03-01
1880,2006-02-28
1881,2006-02-27
1882,2006-02-24
1883,2006-02-23
1884,2006-02-22
1885,2006-02-21
1886,2006-02-20
1887,2006-02-17
1888,2006-02-16
1889,2006-02-15
1890,2006-02-14
1891,2006-02-13
1892,2006-02-10
1893,2006-02-09
1894,2006-02-08
1895,2006-02-07
1896,2006-02-06
1897,2006-02-03
1898,2006-02-02
1899,2006-02-01
1900,2006-01-31
1901,2006-01-30
1902,2006-01-27
1903,2006-01-26
1904,2006-01-25
1905,2006-01-24
1906,2006-01-23
1907,2006-01-20
1908,2006-01-19
1909,2006-01-18
1910,2006-01-17
1911,2006-01-16
1912,2006-01-13
1913,2006-01-12
1914,2006-01-11
1915,2006-01-10
1916,2006-01-09
1917,2006-01-06
1918,2006-01-05
1919,2006-01-04
1920,2006-01-03
1921,2005-12-30
1922,2005-12-29
1923,2005-12-28
1924,2005-12-27
1925,2005-12-26
1926,2005-12-23
1927,2005-12-22
1928,2005-12-21
1929,2005-12-20
1930,2005-12-19
1931,2005-12-16
1932,2005-12-15
1933,2005-12-14
1934,2005-12-13
1935,2005-12-12
1936,2005-12-09
1937,2005-12-08
1938,2005-12-07
1939,2005-12-06
1940,2005-12-05
1941,2005-12-02
1942,2005-12-01
1943,2005-11-30
1944,2005-11-29
1945,2005-11-28
1946,2005-11-25
1947,2005-11-24
1948,2005-11-23
1949,2005-11-22
1950,2005-11-21
1951,2005-11-18
1952,2005-11-17
1953,2005-11-16
1954,2005-11-15
1955,2005-11-14
1956,2005-11-11
1957,2005-11-10
1958,2005-11-09
1959,2005-11-08
1960,2005-11-07
1961,2005-11-04
1962,2005-11-03
1963,2005-11-02
1964,2005-11-01
1965,2005-10-31
1966,2005-10-28
1967,2005-10-27
1968,2005-10-26
1969,2005-10-25
1970,2005-10-24
1971,2005-10-21
1972,2005-10-20
1973,2005-10-19
1974,2005-10-18
1975,2005-10-17
1976,2005-10-14
1977,2005-10-13
1978,2005-10-12
1979,2005-10-11
1980,2005-10-10
1981,2005-10-07
1982,2005-10-06
1983,2005-10-05
1984,2005-10-04
1985,2005-10-03
1986,2005-09-30
1987,2005-09-29
1988,2005-09-28
1989,2005-09-27
1990,2005-09-26
1991,2005-09-23
1992,2005-09-22
1993,2005-09-21
1994,2005-09-20
1995,2005-09-19
1996,2005-09-16
1997,2005-09-15
1998,2005-09-14
1999,2005-09-13
2000,2005-09-12
2001,2005-09-09
2002,2005-09-08
2003,2005-09-07
2004,2005-09-06
2005,2005-09-05
2006,2005-09-02
2007,2005-09-01
2008,2005-08-31
2009,2005-08-30
2010,2005-08-29
2011,2005-08-26
2012,2005-08-25
2013,2005-08-24
2014,2005-08-23
2015,2005-08-22
2016,2005-08-19
2017,2005-08-18
2018,2005-08-17
2019,2005-08-16
2020,2005-08-15
2021,2005-08-12
2022,2005-08-11
2023,2005-08-10
2024,2005-08-09
2025,2005-08-08
2026,2005-08-05
2027,2005-08-04
2028,2005-08-03
2029,2005-08-02
2030,2005-08-01
2031,2005-07-29
2032,2005-07-28
2033,2005-07-27
2034,2005-07-26
2035,2005-07-25
2036,2005-07-22
2037,2005-07-21
2038,2005-07-20
2039,2005-07-19
2040,2005-07-18
2041,2005-07-15
2042,2005-07-14
2043,2005-07-13
2044,2005-07-12
2045,2005-07-11
2046,2005-07-08
2047,2005-07-07
2048,2005-07-06
2049,2005-07-05
2050,2005-07-04
2051,2005-07-01
2052,2005-06-30
2053,2005-06-29
2054,2005-06-28
2055,2005-06-27
2056,2005-06-24
2057,2005-06-23
2058,2005-06-22
2059,2005-06-21
2060,2005-06-20
2061,2005-06-17
2062,2005-06-16
2063,2005-06-15
2064,2005-06-14
2065,2005-06-13
2066,2005-06-10
2067,2005-06-09
2068,2005-06-08
2069,2005-06-07
2070,2005-06-06
2071,2005-06-03
2072,2005-06-02
2073,2005-06-01
2074,2005-05-31
2075,2005-05-30
2076,2005-05-27
2077,2005-05-26
2078,2005-05-25
2079,2005-05-24
2080,2005-05-23
2081,2005-05-20
2082,2005-05-19
2083,2005-05-18
2084,2005-05-17
2085,2005-05-16
2086,2005-05-13
2087,2005-05-12
2088,2005-05-11
2089,2005-05-10
2090,2005-05-09
2091,2005-05-06
2092,2005-05-05
2093,2005-05-04
2094,2005-05-03
2095,2005-05-02
2096,2005-04-29
2097,2005-04-28
2098,2005-04-27
2099,2005-04-26
2100,2005-04-25
2101,2005-04-22
2102,2005-04-21
2103,2005-04-20
2104,2005-04-19
2105,2005-04-18
2106,2005-04-15
2107,2005-04-14
2108,2005-04-13
2109,2005-04-12
2110,2005-04-11
2111,2005-04-08
2112,2005-04-07
2113,2005-04-06
2114,2005-04-05
2115,2005-04-04
2116,2005-04-01
2117,2005-03-31
2118,2005-03-30
2119,2005-03-29
2120,2005-03-28
2121,2005-03-25
2122,2005-03-24
2123,2005-03-23
2124,2005-03-22
2125,2005-03-21
2126,2005-03-18
2127,2005-03-17
2128,2005-03-17
2129,2005-03-16
2130,2005-03-15
2131,2005-03-14
2132,2005-03-11
2133,2005-03-10
2134,2005-03-09
2135,2005-03-08
2136,2005-03-07
2137,2005-03-04
2138,2005-03-03
2139,2005-03-02
2140,2005-03-01
2141,2005-02-28
2142,2005-02-25
2143,2005-02-24
2144,2005-02-23
2145,2005-02-22
2146,2005-02-21
2147,2005-02-18
2148,2005-02-17
2149,2005-02-16
2150,2005-02-15
2151,2005-02-14
2152,2005-02-11
2153,2005-02-10
2154,2005-02-09
2155,2005-02-08
2156,2005-02-07
2157,2005-02-04
2158,2005-02-03
2159,2005-02-02
2160,2005-02-01
2161,2005-01-31
2162,2005-01-28
2163,2005-01-27
2164,2005-01-26
2165,2005-01-25
2166,2005-01-24
2167,2005-01-21
2168,2005-01-20
2169,2005-01-19
2170,2005-01-18
2171,2005-01-17
2172,2005-01-14
2173,2005-01-13
2174,2005-01-12
2175,2005-01-11
2176,2005-01-10
2177,2005-01-07
2178,2005-01-06
2179,2005-01-05
2180,2005-01-04
2181,2005-01-03
2182,2004-12-31
2183,2004-12-30
2184,2004-12-29
2185,2004-12-28
2186,2004-12-27
2187,2004-12-24
2188,2004-12-23
2189,2004-12-22
2190,2004-12-21
2191,2004-12-20
2192,2004-12-17
2193,2004-12-16
2194,2004-12-15
2195,2004-12-14
2196,2004-12-13
2197,2004-12-10
2198,2004-12-09
2199,2004-12-08
2200,2004-12-07
2201,2004-12-06
2202,2004-12-03
2203,2004-12-02
2204,2004-12-01
2205,2004-11-30
2206,2004-11-29
2207,2004-11-26
2208,2004-11-25
2209,2004-11-24
2210,2004-11-23
2211,2004-11-22
2212,2004-11-19
2213,2004-11-18
2214,2004-11-17
2215,2004-11-16
2216,2004-11-15
2217,2004-11-12
2218,2004-11-11
2219,2004-11-10
2220,2004-11-09
2221,2004-11-08
2222,2004-11-05
2223,2004-11-04
2224,2004-11-03
2225,2004-11-02
2226,2004-11-01
2227,2004-10-29
2228,2004-10-28
2229,2004-10-27
2230,2004-10-26
2231,2004-10-25
2232,2004-10-22
2233,2004-10-21
2234,2004-10-20
2235,2004-10-19
2236,2004-10-18
2237,2004-10-15
2238,2004-10-14
2239,2004-10-13
2240,2004-10-12
2241,2004-10-11
2242,2004-10-08
2243,2004-10-07
2244,2004-10-06
2245,2004-10-05
2246,2004-10-04
2247,2004-10-01
2248,2004-09-30
2249,2004-09-29
2250,2004-09-28
2251,2004-09-27
2252,2004-09-24
2253,2004-09-23
2254,2004-09-22
2255,2004-09-21
2256,2004-09-20
2257,2004-09-17
2258,2004-09-16
2259,2004-09-15
2260,2004-09-14
2261,2004-09-13
2262,2004-09-10
2263,2004-09-09
2264,2004-09-08
2265,2004-09-07
2266,2004-09-06
2267,2004-09-03
2268,2004-09-02
2269,2004-09-01
2270,2004-08-31
2271,2004-08-30
2272,2004-08-27
2273,2004-08-26
2274,2004-08-25
2275,2004-08-24
2276,2004-08-23
2277,2004-08-20
2278,2004-08-19
2279,2004-08-18
2280,2004-08-17
2281,2004-08-16
2282,2004-08-13
2283,2004-08-12
2284,2004-08-11
2285,2004-08-10
2286,2004-08-09
2287,2004-08-06
2288,2004-08-05
2289,2004-08-04
2290,2004-08-03
2291,2004-08-02
2292,2004-07-30
2293,2004-07-29
2294,2004-07-28
2295,2004-07-27
2296,2004-07-26
2297,2004-07-22
2298,2004-07-21
2299,2004-07-20
2300,2004-07-19
2301,2004-07-16
2302,2004-07-15
2303,2004-07-14
2304,2004-07-13
2305,2004-07-12
2306,2004-07-09
2307,2004-07-08
2308,2004-07-07
2309,2004-07-06
2310,2004-07-05
2311,2004-07-02
2312,2004-07-01
2313,2004-06-30
2314,2004-06-29
2315,2004-06-28
2316,2004-06-24
2317,2004-06-23
2318,2004-06-22
2319,2004-06-21
2320,2004-06-18
2321,2004-06-17
2322,2004-06-16
2323,2004-06-15
2324,2004-06-14
2325,2004-06-11
2326,2004-06-10
2327,2004-06-09
2328,2004-06-08
2329,2004-06-07
2330,2004-06-04
2331,2004-06-03
2332,2004-06-02
2333,2004-06-01
2334,2004-05-31
2335,2004-05-28
2336,2004-05-27
2337,2004-05-26
2338,2004-05-25
2339,2004-05-24
2340,2004-05-21
2341,2004-05-20
2342,2004-05-19
2343,2004-05-18
2344,2004-05-17
2345,2004-05-14
2346,2004-05-13
2347,2004-05-12
2348,2004-05-11
2349,2004-05-10
2350,2004-05-07
2351,2004-05-06
2352,2004-05-05
2353,2004-05-04
2354,2004-05-03
2355,2004-04-30
2356,2004-04-29
2357,2004-04-28
2358,2004-04-27
2359,2004-04-26
2360,2004-04-23
2361,2004-04-22
2362,2004-04-21
2363,2004-04-20
2364,2004-04-19
2365,2004-04-16
2366,2004-04-14
2367,2004-04-13
2368,2004-04-12
2369,2004-04-09
2370,2004-04-08
2371,2004-04-07
2372,2004-04-06
2373,2004-04-05
2374,2004-04-02
2375,2004-04-01
2376,2004-03-31
2377,2004-03-30
2378,2004-03-29
2379,2004-03-26
2380,2004-03-25
2381,2004-03-24
2382,2004-03-23
2383,2004-03-22
2384,2004-03-19
2385,2004-03-18
2386,2004-03-17
2387,2004-03-16
2388,2004-03-15
2389,2004-03-12
2390,2004-03-11
2391,2004-03-10
2392,2004-03-09
2393,2004-03-08
2394,2004-03-05
2395,2004-03-04
2396,2004-03-03
2397,2004-03-02
2398,2004-03-01
2399,2004-02-27
2400,2004-02-26
2401,2004-02-25
2402,2004-02-24
2403,2004-02-23
2404,2004-02-20
2405,2004-02-19
2406,2004-02-18
2407,2004-02-17
2408,2004-02-16
2409,2004-02-13
2410,2004-02-12
2411,2004-02-11
2412,2004-02-10
2413,2004-02-09
2414,2004-02-06
2415,2004-02-05
2416,2004-02-04
2417,2004-02-03
2418,2004-02-02
2419,2004-01-30
2420,2004-01-29
2421,2004-01-28
2422,2004-01-27
2423,2004-01-26
2424,2004-01-23
2425,2004-01-22
2426,2004-01-21
2427,2004-01-20
2428,2004-01-19
2429,2004-01-16
2430,2004-01-15
2431,2004-01-14
2432,2004-01-13
2433,2004-01-12
2434,2004-01-09
2435,2004-01-08
2436,2004-01-07
2437,2004-01-06
2438,2004-01-05
2439,2004-01-02
2440,2003-12-31
2441,2003-12-30
2442,2003-12-29
2443,2003-12-25
2444,2003-12-24
2445,2003-12-23
2446,2003-12-22
2447,2003-12-19
2448,2003-12-18
2449,2003-12-17
2450,2003-12-16
2451,2003-12-15
2452,2003-12-12
2453,2003-12-11
2454,2003-12-10
2455,2003-12-09
2456,2003-12-08
2457,2003-12-04
2458,2003-12-03
2459,2003-12-02
2460,2003-12-01
2461,2003-11-28
2462,2003-11-27
2463,2003-11-26
2464,2003-11-25
2465,2003-11-24
2466,2003-11-20
2467,2003-11-19
2468,2003-11-18
2469,2003-11-17
2470,2003-11-14
2471,2003-11-13
2472,2003-11-12
2473,2003-11-11
2474,2003-11-10
2475,2003-11-07
2476,2003-11-06
2477,2003-11-05
2478,2003-11-04
2479,2003-11-03
2480,2003-10-31
2481,2003-10-30
2482,2003-10-29
2483,2003-10-28
2484,2003-10-27
2485,2003-10-24
2486,2003-10-22
2487,2003-10-21
2488,2003-10-20
2489,2003-10-16
2490,2003-10-15
2491,2003-10-14
2492,2003-10-13
2493,2003-10-10
2494,2003-10-09
2495,2003-10-08
2496,2003-10-07
2497,2003-10-06
2498,2003-10-03
2499,2003-10-02
2500,2003-10-01
2501,2003-09-30
2502,2003-09-29
2503,2003-09-26
2504,2003-09-25
2505,2003-09-24
2506,2003-09-23
2507,2003-09-22
2508,2003-09-18
2509,2003-09-16
2510,2003-09-15
2511,2003-09-11
2512,2003-09-10
2513,2003-09-09
2514,2003-09-04
2515,2003-09-03
2516,2003-09-02
2517,2003-09-01
2518,2003-08-29
2519,2003-08-28
2520,2003-08-27
2521,2003-08-26
2522,2003-08-25
2523,2003-08-21
2524,2003-08-20
2525,2003-08-19
2526,2003-08-18
2527,2003-08-15
2528,2003-08-14
2529,2003-08-13
2530,2003-08-12
2531,2003-08-11
2532,2003-08-07
2533,2003-08-06
2534,2003-08-01
2535,2003-07-31
2536,2003-07-30
2537,2003-07-29
2538,2003-07-25
2539,2003-07-24
2540,2003-07-23
2541,2003-07-22
2542,2003-07-21
2543,2003-07-18
2544,2003-07-17
2545,2003-07-16
2546,2003-07-15
2547,2003-07-11
2548,2003-07-10
2549,2003-07-09
2550,2003-07-04
2551,2003-07-03
2552,2003-07-02
2553,2003-07-01
2554,2003-06-30
2555,2003-06-27
2556,2003-06-26
2557,2003-06-25
2558,2003-06-24
2559,2003-06-23
2560,2003-06-20
2561,2003-06-19
2562,2003-06-16
2563,2003-06-13
2564,2003-06-12
2565,2003-06-11
2566,2003-06-10
2567,2003-06-09
2568,2003-06-05
2569,2003-06-04
2570,2003-06-03
2571,2003-06-02
2572,2003-05-30
2573,2003-05-29
2574,2003-05-28
2575,2003-05-27
2576,2003-05-26
2577,2003-05-23
2578,2003-05-22
2579,2003-05-21
2580,2003-05-20
2581,2003-05-19
2582,2003-05-16
2583,2003-05-15
2584,2003-05-14
2585,2003-05-13
2586,2003-05-12
2587,2003-05-09
2588,2003-05-07
2589,2003-05-06
2590,2003-05-02
2591,2003-05-01
2592,2003-04-30
2593,2003-04-29
2594,2003-04-28
2595,2003-04-25
2596,2003-04-24
2597,2003-04-23
2598,2003-04-22
2599,2003-04-21
2600,2003-04-18
2601,2003-04-17
2602,2003-04-16
2603,2003-04-15
2604,2003-04-14
2605,2003-04-11
2606,2003-04-10
2607,2003-04-09
2608,2003-04-08
2609,2003-04-07
2610,2003-04-04
2611,2003-04-02
2612,2003-04-01
2613,2003-03-31
2614,2003-03-28
2615,2003-03-27
2616,2003-03-26
2617,2003-03-21
2618,2003-03-20
2619,2003-03-19
2620,2003-03-18
2621,2003-03-17
2622,2003-03-14
2623,2003-03-13
2624,2003-03-12
2625,2003-03-11
2626,2003-03-07
2627,2003-03-06
2628,2003-03-04
2629,2003-03-03
2630,2003-02-28
2631,2003-02-27
2632,2003-02-26
2633,2003-02-25
2634,2003-02-24
2635,2003-02-21
2636,2003-02-20
2637,2003-02-19
2638,2003-02-18
2639,2003-02-17
2640,2003-02-14
2641,2003-02-13
2642,2003-02-12
2643,2003-02-11
2644,2003-02-10
2645,2003-02-07
2646,2003-02-06
2647,2003-02-05
2648,2003-02-03
2649,2003-01-31
2650,2003-01-30
2651,2003-01-29
2652,2003-01-28
2653,2003-01-27
2654,2003-01-24
2655,2003-01-23
2656,2003-01-22
2657,2003-01-21
2658,2003-01-20
2659,2003-01-17
2660,2003-01-16
2661,2003-01-15
2662,2003-01-14
2663,2003-01-13
2664,2003-01-10
2665,2003-01-09
2666,2003-01-08
2667,2003-01-07
2668,2003-01-03
2669,2002-12-31
2670,2002-12-30
2671,2002-12-27
2672,2002-12-26
2673,2002-12-25
2674,2002-12-24
2675,2002-12-23
2676,2002-12-20
2677,2002-12-19
2678,2002-12-18
2679,2002-12-17
2680,2002-12-16
2681,2002-12-13
2682,2002-12-12
2683,2002-12-10
2684,2002-12-04
2685,2002-12-03
2686,2002-12-02
2687,2002-11-29
2688,2002-11-28
2689,2002-11-27
2690,2002-11-26
2691,2002-11-25
2692,2002-11-22
2693,2002-11-21
2694,2002-11-20
2695,2002-11-19
2696,2002-11-15
2697,2002-11-14
2698,2002-11-13
2699,2002-11-13
2700,2002-11-12
2701,2002-11-08
2702,2002-11-06
2703,2002-11-04
2704,2002-11-01
2705,2002-10-31
2706,2002-10-21
2707,2002-10-17
2708,2002-10-16
2709,2002-10-02
2710,
2711,
2712,
2713,
2714,
2715,
2716,
2717,
2718,
2719,
2720,
2721,
2722,
2723,
2724,
2725,
2726,2003-10-23
2727,2003-03-05
2728,
2729,2002-12-11
2730,2002-11-18
2731,2002-11-11
2732,2002-11-07
2733,2002-11-05
2734,2002-10-30
2735,2002-10-29
2736,2002-10-24
2737,2002-10-23
2738,2002-10-22
2739,
2740,
2741,
2742,
2743,
2744,
2745,
2746,2002-10-01
2747,2013-02-23
2748,
2749,
2750,
2751,
2752,
2753,
2754,
2755,2013-04-05
2756,2013-04-08
2757,2013-04-09
2758,2013-04-10
2759,2013-04-11
2760,2013-04-12
2761,2013-04-15
2762,2013-04-16
2763,2013-04-17
2764,2013-04-18
2765,2013-04-19
2766,2013-04-22
2767,2013-04-23
2768,2013-04-24
2769,2013-04-25
2770,2013-04-26
2771,
2772,
2773,2013-04-29
2774,2013-04-30
2775,2013-05-01
2776,2013-05-02
2777,2013-05-03
2778,2013-05-06
2779,2013-05-07
2780,2013-05-08
2781,2013-05-09
2782,2013-05-10
2783,2013-05-13
2784,2013-05-14
2785,2013-05-15
2786,2013-05-16
2787,2013-05-17
2788,2013-05-20
2789,2013-05-21
2790,2013-05-22
2791,2013-05-23
2792,2013-05-24
2793,2013-05-27
2794,2013-05-28
2795,2013-05-29
2796,2013-05-30
2797,2013-05-31
2798,2013-06-03
2799,2013-06-04
2800,2013-06-05
2801,2013-06-06
2802,2013-06-07
2803,2013-06-10
2804,2013-06-11
2805,2013-06-12
2806,2013-06-13
2807,2013-06-14
2808,2013-06-17
2809,2013-06-18
2810,2013-06-19
2811,2013-06-20
2812,2013-06-21
2813,2013-06-24
2814,2013-06-25
2815,2013-06-26
2816,2013-06-27
2817,2013-06-28
2818,2013-07-01
2819,2013-07-02
2820,2013-07-03
2821,2013-07-04
2822,2013-07-05
2823,2013-07-08
2824,2013-07-09
2825,2013-07-10
2826,2013-07-11
2827,2013-07-12
2828,2013-07-15
2829,2013-07-16
2830,2013-07-17
2831,2013-07-18
2832,2013-07-19
2833,2013-07-22
2834,2013-07-23
2835,2013-07-24
2836,2013-07-25
2837,2013-07-26
2838,2013-07-29
2839,2013-07-30
2840,2013-07-31
2841,2013-08-01
2842,2013-08-02
2843,2013-08-05
2844,2013-08-06
2845,2013-08-07
2846,2013-08-08
2847,2013-08-09
2848,2013-08-12
2849,2013-08-13
2850,2013-08-14
2851,2013-08-15
2852,2013-08-16
2853,2013-08-19
2854,2013-08-20
2855,2013-08-21
2856,2013-08-22
2857,2013-08-23
2858,2013-08-26
2859,2013-08-27
2860,2013-08-28
2861,2013-08-29
2862,2013-08-30
2863,2013-09-02
2864,2013-09-03
2865,2013-09-04
2866,2013-09-05
2867,2013-09-06
2868,2013-09-09
2869,2013-09-10
2870,2013-09-11
2871,2013-09-12
2872,2013-09-13
2873,2013-09-14
2874,2013-09-16
2875,2013-09-17
2876,2013-09-18
2877,2013-09-19
2878,2013-09-20
2879,2013-09-23
2880,2013-09-24
2881,2013-09-25
2882,2013-09-26
2883,2013-09-27
2884,2013-09-30
2885,2013-10-01
2886,2013-10-02
2887,2013-10-03
2888,2013-10-04
2889,2013-10-07
2890,2013-10-08
2891,2013-10-09
2892,2013-10-10
2893,2013-10-11
2894,2013-10-14
2895,2013-10-15
2896,2013-10-16
2897,2013-10-17
2898,2013-10-18
2899,2013-10-21
2900,2013-10-22
2901,2013-10-23
2902,2013-10-24
2903,2013-10-25
2904,2013-10-28
2905,2013-10-29
2906,2013-10-30
2907,2013-10-31
2908,2013-11-01
2909,2013-11-04
2910,2013-11-05
2911,2013-11-06
2912,2013-11-07
2913,2013-11-08
2914,2013-11-11
2915,2013-11-12
2916,2013-11-13
2917,2013-11-14
2918,2013-11-15
2919,2013-11-18
2920,2013-11-19
2921,2013-11-20
2922,2013-11-21
2923,2013-11-22
2924,2013-11-25
2925,2013-11-26
2926,2013-11-27
2927,2013-11-28
2928,2013-11-29
2929,2013-12-02
2930,2013-12-03
2931,2013-12-04
2932,2013-12-05
2933,2013-12-06
2934,2013-12-09
2935,2013-12-10
2936,2013-12-11
2937,2013-12-12
2938,2013-12-13
2939,2013-12-16
2940,2013-12-17
2941,2013-12-18
2942,2013-12-19
2943,2013-12-20
2944,2013-12-23
2945,2013-12-24
2946,2013-12-25
2947,2013-12-26
2948,2013-12-27
2949,2013-12-30
2950,2013-12-31
2951,2014-01-01
2952,2014-01-02
2953,2014-01-03
2954,2014-01-06
2955,2014-01-07
2956,2014-01-08
2957,2014-01-09
2958,2014-01-10
2959,2014-01-13
2960,2014-01-14
2961,2014-01-15
2962,2014-01-16
2963,2014-01-17
2964,2014-01-20
2965,2014-01-21
2966,2014-01-22
2967,2014-01-23
2968,2014-01-24
2969,2014-01-27
2970,2014-01-28
2971,2014-01-29
2972,2014-01-30
2973,2014-01-31
2974,2014-02-03
2975,2014-02-04
2976,2014-02-05
2977,2014-02-06
2978,2014-02-07
2979,2014-02-10
2980,2014-02-11
2981,2014-02-12
2982,2014-02-13
2983,2014-02-14
2984,2014-02-17
2985,2014-02-18
2986,2014-02-19
2987,2014-02-20
2988,2014-02-21
2989,2014-02-24
2990,2014-02-25
2991,2014-02-26
2992,2014-02-27
2993,2014-02-28
2994,2014-03-03
2995,2014-03-04
2996,2014-03-05
2997,2014-03-06
2998,2014-03-07
2999,2014-03-10
3000,2014-03-11
3001,2014-03-12
3002,2014-03-13
3003,2014-03-14
3004,2014-03-17
3005,2014-03-18
3006,2014-03-19
3007,2014-03-20
3008,2014-03-21
3009,2014-03-24
3010,2014-03-25
3011,2014-03-26
3012,2014-03-27
3013,2014-03-28
3014,2014-03-31
3015,2014-04-01
3016,2014-04-02
3017,2014-04-03
3018,2014-04-04
3019,2014-04-07
3020,2014-04-08
3021,2014-04-09
3022,2014-04-10
3023,2014-04-11
3024,2014-04-14
3025,
3026,2014-04-15
3027,2014-04-16
3028,2014-04-17
3029,2014-04-18
3030,2014-04-21
3031,2014-04-22
3032,2014-04-23
3033,2014-04-24
3034,2014-04-25
3035,2014-04-28
3036,2014-04-29
3037,2014-04-30
3038,2014-05-01
3039,2014-05-02
3040,2014-05-05
3041,2014-05-06
3042,2014-05-07
3043,2014-05-08
3044,2014-05-09
3045,2014-05-12
3046,2014-05-13
3047,2014-05-14
3048,2014-05-15
3049,2014-05-16
3050,2014-05-19
3051,2014-05-20
3052,2014-05-21
3053,2014-05-22
3054,2014-05-23
3055,2014-05-26
3056,2014-05-27
3057,2014-05-28
3058,2014-05-29
3059,2014-05-30
3060,2014-06-02
3061,2014-06-03
3062,2014-06-04
3063,2014-06-05
3064,2014-06-06
3065,2014-06-09
3066,2014-06-10
3067,2014-06-11
3068,2014-06-12
3069,2014-06-13
3070,2014-06-16
3071,2014-06-17
3072,2014-06-18
3073,2014-06-19
3074,2014-06-20
3075,2014-06-23
3076,2014-06-24
3077,2014-06-25
3078,2014-06-26
3079,2014-06-27
3080,2014-06-30
3081,2014-07-01
3082,2014-07-02
3083,2014-07-03
3084,2014-07-04
3085,2014-07-07
3086,2014-07-08
3087,2014-07-09
3088,2014-07-10
3089,2014-07-11
3090,2014-07-14
3091,2014-07-15
3092,2014-07-16
3093,2014-07-17
3094,2014-07-18
3095,2014-07-21
3096,2014-07-22
3097,2014-07-23
3098,2014-07-24
3099,2014-07-25
3100,2014-07-28
3101,2014-07-29
3102,2014-07-30
3103,2014-07-31
3104,2014-08-01
3105,2014-08-04
3106,2014-08-05
3107,2014-08-06
3108,2014-08-07
3109,2014-08-08
3110,2014-08-11
3111,2014-08-12
3112,2014-08-13
3113,2014-08-14
3114,2014-08-15
3115,2014-08-18
3116,2014-08-19
3117,2014-08-20
3118,2014-08-21
3119,2014-08-22
3120,2014-08-25
3121,2014-08-26
3122,2014-08-27
3123,2014-08-28
3124,2014-08-29
3125,2014-09-01
3126,2014-09-02
3127,2014-09-03
3128,2014-09-04
3129,2014-09-05
3130,2014-09-08
3131,2014-09-09
3132,2014-09-10
3133,2014-09-11
3134,2014-09-12
3135,2014-09-15
3136,2014-09-16
3137,2014-09-17
3138,2014-09-18
3139,2014-09-19
3140,2014-09-22
3141,2014-09-23
3142,2014-09-24
3143,2014-09-25
3144,2014-09-26
3145,2014-09-29
3146,2014-09-30
3147,2014-10-01
3148,2014-10-02
3149,2014-10-03
3150,2014-10-06
3151,2014-10-07
3152,2014-10-08
3153,2014-10-09
3154,2014-10-10
3155,2014-10-13
3156,2014-10-14
3157,2014-10-15
3158,2014-10-16
3159,2014-10-17
3160,2014-10-20
3161,2014-10-21
3162,2014-10-22
3163,2014-10-23
3164,2014-10-23
3165,2014-10-24
3166,2014-10-27
3167,2014-10-28
3168,2014-10-29
3169,2014-10-30
3170,2014-10-31
3171,2014-11-03
3172,2014-11-04
3173,2014-11-05
3174,2014-11-06
3175,2014-11-07
3176,2014-11-10
3177,2014-11-11
3178,2014-11-12
3179,2014-11-13
3180,2014-11-14
3181,2014-11-17
3182,2014-11-18
3183,2014-11-19
3184,2014-11-20
3185,2014-11-21
3186,2014-11-24
3187,2014-11-25
3188,2014-11-26
3189,2014-11-27
3190,2014-11-28
3191,2014-12-01
3192,2014-12-02
3193,2014-12-03
3194,2014-12-04
3195,2014-12-05
3196,2014-12-08
3197,2014-12-09
3198,2014-12-10
3199,2014-12-11
3200,2014-12-12
3201,2014-12-15
3202,2014-12-16
3203,2014-12-17
3204,2014-12-18
3205,2014-12-19
3206,2014-12-22
3207,2014-12-23
3208,2014-12-24
3209,2014-12-25
3210,2014-12-26
3211,2014-12-27
3212,2014-12-29
3213,2014-12-30
3214,2014-12-31
3215,2015-01-01
3216,2015-01-02
3217,2015-01-05
3218,2015-01-06
3219,2015-01-07
3220,2015-01-08
3221,2015-01-09
3222,2015-01-12
3223,2015-01-13
3224,2015-01-14
3225,2015-01-15
3226,2015-01-16
3227,2015-01-19
3228,2015-01-20
3229,2015-01-21
3230,2015-01-22
3231,2015-01-23
3232,2015-01-26
3233,2015-01-27
3234,2015-01-28
3235,2015-01-29
3236,2015-01-30
3237,2015-02-02
3238,2015-02-03
3239,2015-02-04
3240,2015-02-05
3241,2015-02-06
3242,2015-02-09
3243,2015-02-10
3244,2015-02-11
3245,2015-02-12
3246,2015-02-13
3247,2015-02-16
3248,2015-02-17
3249,2015-02-18
3250,2015-02-19
3251,2015-02-20
3252,2015-02-23
3253,2015-02-24
3254,2015-02-25
3255,2015-02-26
3256,2015-02-27
3257,
3258,2015-02-28
3259,2015-03-02
3260,2015-03-03
3261,2015-03-04
3262,2015-03-05
3263,2015-03-06
3264,2015-03-09
3265,2015-03-10
3266,2015-03-11
3267,2015-03-12
3268,2015-03-13
3269,2015-03-16
3270,2015-03-17
3271,2015-03-18
3272,2015-03-19
3273,2015-03-20
3274,2015-03-23
3275,2015-03-24
3276,2015-03-25
3277,2015-03-26
3278,2015-03-27
3279,2015-03-30
3280,2015-03-31
3281,2015-04-01
3282,2015-04-02
3283,2015-04-03
3284,2015-04-06
3285,2015-04-07
3286,2015-04-08
3287,2015-04-09
3288,2015-04-10
3289,2015-04-13
3290,2015-04-14
3291,2015-04-15
3292,2015-04-16
3293,2015-04-17
3294,2015-04-20
3295,2015-04-21
3296,2015-04-22
3297,2015-04-23
3298,2015-04-24
3299,2015-04-27
3300,2015-04-28
3301,2015-04-29
3302,2015-04-30
3303,2015-05-01
3304,2015-05-04
3305,2015-05-05
3306,2015-05-06
3307,2015-05-07
3308,2015-05-08
3309,2015-05-11
3310,2015-05-12
3311,2015-05-13
3312,2015-05-14
3313,2015-05-15
3314,2015-05-18
3315,2015-05-19
3316,2015-05-20
3317,2015-05-21
3318,2015-05-22
3319,2015-05-25
3320,2015-05-26
3321,2015-05-27
3322,2015-05-28
3323,2015-05-29
3324,2015-06-01
3325,2015-06-02
3326,2015-06-03
3327,2015-06-04
3328,2015-06-05
3329,2015-06-08
3330,2015-06-09
3331,2015-06-10
3332,2015-06-11
3333,2015-06-12
3334,2015-06-15
3335,2015-06-16
3336,2015-06-17
3337,2015-06-18
3338,2015-06-19
3339,2015-06-22
3340,2015-06-23
3341,2015-06-24
3342,2015-06-25
3343,2015-06-26
3344,2015-06-29
3345,2015-06-30
3346,2015-07-01
3347,2015-07-02
3348,2015-07-03
3349,2015-07-06
3350,2015-07-07
3351,2015-07-08
3352,2015-07-09
3353,2015-07-10
3354,2015-07-13
3355,2015-07-14
3356,2015-07-15
3357,2015-07-16
3358,2015-07-17
3359,2015-07-20
3360,2015-07-21
3361,2015-07-22
3362,2015-07-23
3363,2015-07-24
3364,2015-07-27
3365,2015-07-28
3366,2015-07-29
3367,2015-07-30
3368,2015-07-31
3369,2015-08-03
3370,2015-08-04
3371,2015-08-05
3372,2015-08-06
3373,2015-08-10
3374,2015-08-07
3375,2015-08-11
3376,2015-08-12
3377,2015-08-13
3378,2015-08-14
3379,2015-08-17
3380,2015-08-18
3381,2015-08-19
3382,2015-08-20
3383,2015-08-21
3384,2015-08-24
3385,2015-08-25
3386,2015-08-26
3387,2015-08-27
3388,2015-08-28
3389,2015-08-31
3390,2015-09-01
3391,2015-09-02
3392,2015-09-03
3393,2015-09-04
3394,2015-09-07
3395,2015-09-08
3396,2015-09-09
3397,2015-09-10
3398,2015-09-11
3399,2015-09-14
3400,2015-09-15
3401,2015-09-16
3402,2015-09-17
3403,2015-09-18
3404,2015-09-21
3405,2015-09-22
3406,2015-09-23
3407,2015-09-24
3408,2015-09-25
3409,2015-09-28
3410,2015-09-29
3411,2015-09-30
3412,2015-10-01
3413,2015-10-02
3414,2015-10-05
3415,2015-10-06
3416,2015-10-07
3417,2015-10-08
3418,2015-10-09
3419,2015-10-12
3420,2015-10-13
3421,2015-10-14
3422,2015-10-15
3423,2015-10-16
3424,2015-10-19
3425,2015-10-20
3426,2015-10-21
3427,2015-10-22
3428,2015-10-23
3429,2015-10-26
3430,2015-10-27
3431,2015-10-28
3432,2015-10-29
3433,2015-10-30
3434,2015-11-02
3435,2015-11-03
3436,2015-11-04
3437,2015-11-05
3438,2015-11-06
3439,2015-11-09
3440,2015-11-10
3441,2015-11-11
3442,2015-11-12
3443,2015-11-13
3444,2015-11-16
3445,2015-11-17
3446,2015-11-18
3447,2015-11-19
3448,2015-11-20
3449,2015-11-23
3450,2015-11-24
3451,2015-11-25
3452,2015-11-26
3453,2015-11-27
3454,2015-11-30
3455,2015-12-01
3456,2015-12-02
3457,2015-12-03
3458,2015-12-04
3459,2015-12-07
3460,2015-12-08
3461,2015-12-09
3462,2015-12-10
3463,2015-12-11
3464,2015-12-14
3465,2015-12-15
3466,2015-12-16
3467,2015-12-17
3468,2015-12-18
3469,2015-12-21
3470,2015-12-22
3471,2015-12-23
3472,2015-12-24
3473,2015-12-25
3474,2015-12-28
3475,2015-12-29
3476,2015-12-30
3477,2015-12-31
3478,2016-01-01
3479,2016-01-04
3480,2016-01-05
3481,2016-01-06
3482,2016-01-07
3483,2016-01-08
3484,2016-01-11
3485,2016-01-12
3486,2016-01-13
3487,2016-01-14
3488,2016-01-15
3489,2016-01-18
3490,2016-01-19
3491,2016-01-20
3492,2016-01-21
3493,2016-01-22
3494,2016-01-25
3495,2016-01-26
3496,2016-01-27
3497,2016-01-28
3498,2016-01-29
3499,2016-01-30
3500,2016-02-01
3501,2016-02-02
3502,2016-02-03
3503,2016-02-04
3504,2016-02-05
3505,2016-02-08
3506,2016-02-09
3507,2016-02-10
3508,2016-02-11
3509,2016-02-12
3510,2016-02-15
3511,2016-02-16
3512,2016-02-17
3513,2016-02-18
3514,2016-02-19
3515,2016-02-22
3516,2016-02-23
3517,2016-02-24
3518,2016-02-25
3519,2016-02-26
3520,2016-02-29
3521,2016-03-01
3522,2016-03-02
3523,2016-03-03
3524,2016-03-04
3525,2016-03-07
3526,2016-03-08
3527,2016-03-09
3528,2016-03-10
3529,2016-03-11
3530,2016-03-14
3531,2016-03-15
3532,2016-03-16
3533,2016-03-17
3534,2016-03-18
3535,2016-03-21
3536,2016-03-22
3537,2016-03-23
3538,2016-03-24
3539,2016-03-25
3540,2016-03-28
3541,2016-03-29
3542,2016-03-30
3543,2016-03-31
3544,2016-04-01
3545,2016-04-04
3546,2016-04-05
3547,2016-04-06
3548,2016-04-07
3549,2016-04-08
3550,2016-04-11
3551,2016-04-12
3552,2016-04-13
3553,2016-04-14
3554,2016-04-15
3555,2016-04-18
3556,2016-04-19
3557,2016-04-20
3558,2016-04-21
3559,2016-04-22
3560,2016-04-25
3561,2016-04-26
3562,2016-04-27
3563,2016-04-28
3564,2016-04-29
3565,2016-05-02
3566,2016-05-03
3567,2016-05-04
3568,2016-05-05
3569,2016-05-06
3570,2016-05-09
3571,2016-05-10
3572,2016-05-11
3573,2016-05-12
3574,2016-05-13
3575,2016-05-16
3576,2016-05-17
3577,2016-05-18
3578,2016-05-19
3579,2016-05-20
3580,2016-05-23
3581,2016-05-24
3582,2016-05-25
3583,2016-05-26
3584,2016-05-27
3585,2016-05-30
3586,2016-05-31
3587,2016-06-01
3588,2016-06-02
3589,2016-06-03
3590,
3591,
3592,2016-06-04
3593,2016-06-06
3594,2016-06-07
3595,2016-06-08
3596,2016-06-09
3597,2016-06-10
3598,2016-06-13
3599,2016-06-14
3600,2016-06-15
3601,2016-06-16
3602,2016-06-17
3603,2016-06-20
3604,2016-06-21
3605,2016-06-22
3606,2016-06-23
3607,2016-06-24
3608,2016-06-27
3609,2016-06-28
3610,2016-06-29
3611,2016-06-30
3612,2016-07-01
3613,2016-07-04
3614,2016-07-05
3615,2016-07-06
3616,2016-07-07
3617,2016-07-08
3618,2016-07-11
3619,2016-07-12
3620,2016-07-13
3621,2016-07-14
3622,2016-07-15
3623,2016-07-18
3624,2016-07-19
3625,2016-07-20
3626,2016-07-21
3627,2016-07-22
3628,2016-07-25
3629,2016-07-26
3630,2016-07-27
3631,2016-07-28
3632,2016-07-29
3633,2016-08-01
3634,2016-08-02
3635,2016-08-03
3636,2016-08-04
3637,2016-08-05
3638,2016-08-08
3639,2016-08-09
3640,2016-08-10
3641,2016-08-11
3642,2016-08-12
3643,2016-08-15
3644,2016-08-16
3645,2016-08-17
3646,2016-08-18
3647,2016-08-19
3648,2016-08-22
3649,2016-08-23
3650,2016-08-24
3651,2016-08-25
3652,2016-08-26
3653,2016-08-29
3654,2016-08-30
3655,2016-08-31
3656,2016-09-01
3657,2016-09-02
3658,2016-09-05
3659,2016-09-06
3660,2016-09-07
3661,2016-09-08
3662,2016-09-09
3663,2016-09-10
3664,2016-09-12
3665,2016-09-13
3666,2016-09-14
3667,2016-09-15
3668,2016-09-16
3669,2016-09-19
3670,2016-09-20
3671,2016-09-21
3672,2016-09-22
3673,2016-09-23
3674,2016-09-26
3675,2016-09-27
3676,2016-09-28
3677,2016-09-29
3678,2016-09-30
3679,2016-10-03
3680,2016-10-04
3681,2016-10-05
3682,2016-10-06
3683,2016-10-07
3684,2016-10-10
3685,2016-10-11
3686,2016-10-12
3687,2016-10-13
3688,2016-10-14
3689,2016-10-17
3690,2016-10-18
3691,2016-10-19
3692,2016-10-20
3693,2016-10-21
3694,2016-10-24
3695,2016-10-25
3696,2016-10-26
3697,2016-10-27
3698,2016-10-28
3699,2016-10-31
3700,2016-11-01
3701,2016-11-02
3702,2016-11-03
3703,2016-11-04
3704,2016-11-07
3705,2016-11-08
3706,2016-11-09
3707,2016-11-10
3708,2016-11-11
3709,2016-11-14
3710,
3711,
3712,
3713,2016-11-15
3714,2016-11-16
3715,2016-11-17
3716,2016-11-18
3717,2016-11-21
3718,2016-11-22
3719,2016-11-23
3720,2016-11-24
3721,2016-11-25
3722,2016-11-28
3723,2016-11-29
3724,2016-11-30
3725,2016-12-01
3726,2016-12-02
3727,2016-12-05
3728,2016-12-06
3729,2016-12-07
3730,2016-12-08
3731,2016-12-09
3732,2016-12-12
3733,2016-12-13
3734,2016-12-14
3735,2016-12-15
3736,2016-12-16
3737,2016-12-19
3738,2016-12-20
3739,2016-12-21
3740,2016-12-22
3741,2016-12-26
3742,2016-12-23
3743,2016-12-27
3744,2016-12-28
3745,2016-12-29
3746,2017-01-02
3747,2016-12-30
3748,2017-01-03
3749,2017-01-04
3750,2017-01-05
3751,2017-01-06
3752,2017-01-09
3753,2017-01-10
3754,2017-01-11
3755,2017-01-12
3756,2017-01-13
3757,2017-01-16
3758,2017-01-17
3759,2017-01-18
3760,2017-01-19
3761,2017-01-20
3762,2017-01-23
3763,2017-01-24
3764,2017-01-25
3765,2017-01-26
3766,2017-01-27
3767,2017-01-30
3768,2017-01-31
3769,2017-02-01
3770,2017-02-02
3771,2017-02-03
3772,2017-02-06
3773,2017-02-07
3774,2017-02-08
3775,2017-02-09
3776,2017-02-10
3777,2017-02-13
3778,2017-02-14
3779,2017-02-15
3780,2017-02-16
3781,2017-02-17
3782,2017-02-18
3783,2017-02-20
3784,2017-02-21
3785,2017-02-22
3786,2017-02-23
3787,2017-02-24
3788,2017-02-27
3789,2017-02-28
3790,2017-03-01
3791,2017-03-02
3792,2017-03-03
3793,2017-03-06
3794,2017-03-07
3795,2017-03-08
3796,2017-03-09
3797,2017-03-10
3798,2017-03-13
3799,2017-03-14
3800,2017-03-15
3801,2017-03-16
3802,2017-03-17
3803,2017-03-20
3804,2017-03-21
3805,2017-03-22
3806,2017-03-23
3807,2017-03-24
3808,2017-03-27
3809,2017-03-28
3810,2017-03-29
3811,2017-03-30
3812,2017-03-31
3813,2017-04-03
3814,2017-04-04
3815,2017-04-05
3816,2017-04-06
3817,2017-04-07
3818,2017-04-10
3819,2017-04-11
3820,2017-04-12
3821,2017-04-13
3822,2017-04-14
3823,2017-04-17
3824,2017-04-18
3825,2017-04-19
3826,2017-04-20
3827,2017-04-21
3828,2017-04-24
3829,2017-04-25
3830,2017-04-26
3831,2017-04-27
3832,2017-04-28
3833,2017-05-01
3834,2017-05-02
3835,2017-05-03
3836,2017-05-04
3837,2017-05-05
3838,2017-05-08
3839,2017-05-09
3840,2017-05-10
3841,2017-05-11
3842,2017-05-12
3843,2017-05-15
3844,2017-05-16
3845,2017-05-17
3846,2017-05-18
3847,2017-05-19
3848,
3849,
3850,2017-05-22
3851,2017-05-23
3852,2017-05-24
3853,2017-05-25
3854,2017-05-26
3855,2017-05-29
3856,2017-05-30
3857,2017-05-31
3858,2017-06-01
3859,2017-06-02
3860,2017-06-03
3861,2017-06-05
3862,2017-06-06
3863,2017-06-07
3864,2017-06-08
3865,2017-06-09
3866,2017-06-12
3867,2017-06-13
3868,2017-06-14
3869,2017-06-15
3870,2017-06-16
3871,2017-06-19
3872,2017-06-20
3873,2017-06-21
3874,
3875,2017-06-22
3876,2017-06-23
3877,2017-06-26
3878,2017-06-27
3879,2017-06-28
3880,2017-06-29
3881,2017-06-30
3882,2017-07-03
3883,2017-07-04
3884,2017-07-05
3885,2017-07-06
3886,2017-07-07
3887,2017-07-10
3888,2017-07-11
3889,2017-07-12
3890,2017-07-13
3891,2017-07-14
3892,2017-07-17
3893,2017-07-18
3894,2017-07-19
3895,2017-07-20
3896,2017-07-21
3897,2017-07-24
3898,2017-07-25
3899,2017-07-26
3900,2017-07-27
3901,2017-07-28
3902,2017-07-31
3903,2017-08-01
3904,2017-08-02
3905,2017-08-03
3906,2017-08-04
3907,2017-08-07
3908,2017-08-08
3909,2017-08-09
3910,2017-08-10
3911,2017-08-11
3912,2017-08-14
3913,2017-08-15
3914,2017-08-16
3915,2017-08-17
3916,2017-08-18
3917,2017-08-21
3918,2017-08-22
3919,2017-08-23
3920,2017-08-24
3921,2017-08-25
3922,2017-08-28
3923,2017-08-29
3924,2017-08-30
3925,2017-08-31
3926,2017-09-01
3927,2017-09-04
3928,2017-09-05
3929,2017-09-06
3930,2017-09-07
3931,2017-09-08
3932,2017-09-11
3933,2017-09-12
3934,2017-09-13
3935,2017-09-14
3936,2017-09-15
3937,2017-09-18
3938,2017-09-19
3939,2017-09-20
3940,2017-09-21
3941,2017-09-22
3942,2017-09-25
3943,2017-09-26
3944,2017-09-27
3945,2017-09-28
3946,2017-09-29
3947,2017-09-30
3948,2017-10-02
3949,2017-10-03
3950,2017-10-04
3951,2017-10-05
3952,2017-10-06
3953,2017-10-09
3954,2017-10-10
3955,2017-10-11
3956,2017-10-12
3957,2017-10-13
3958,2017-10-16
3959,2017-10-17
3960,2017-10-18
3961,2017-10-19
3962,2017-10-20
3963,2017-10-23
3964,2017-10-24
3965,2017-10-25
3966,2017-10-26
3967,2017-10-27
3968,2017-10-30
3969,2017-10-31
3970,2017-11-01
3971,2017-11-02
3972,2017-11-03
3973,2017-11-06
3974,2017-11-07
3975,2017-11-08
3976,2017-11-09
3977,2017-11-10
3978,2017-11-13
3979,2017-11-14
3980,2017-11-15
3981,2017-11-16
3982,2017-11-17
3983,2017-11-20
3984,2017-11-21
3985,2017-11-22
3986,2017-11-23
3987,2017-11-24
3988,2017-11-27
3989,2017-11-28
3990,2017-11-29
3991,2017-11-30
3992,2017-12-01
3993,2017-12-04
3994,2017-12-05
3995,2017-12-06
3996,2017-12-07
3997,2017-12-08
3998,2017-12-11
3999,2017-12-12
4000,2017-12-13
4001,2017-12-14
4002,2017-12-15
4003,2017-12-18
4004,2017-12-19
4005,2017-12-20
4006,2017-12-21
4007,2017-12-22
4008,2017-12-25
4009,2017-12-26
4010,2017-12-27
4011,2017-12-28
4012,2017-12-29
4013,2018-01-01
4014,2018-01-02
4015,2018-01-03
4016,2018-01-04
4017,2018-01-05
4018,2018-01-08
4019,2018-01-09
4020,2018-01-10
4021,2018-01-11
4022,2018-01-12
4023,2018-01-15
4024,2018-01-16
4025,2018-01-17
4026,2018-01-18
4027,2018-01-19
4028,2018-01-22
4029,2018-01-23
4030,2018-01-24
4031,2018-01-25
4032,2018-01-26
4033,2018-01-29
4034,2018-01-30
4035,2018-01-31
4036,2018-02-01
4037,2018-02-02
4038,2018-02-05
4039,2018-02-06
4040,2018-02-07
4041,2018-02-08
4042,2018-02-09
4043,2018-02-12
4044,2018-02-13
4045,2018-02-14
4046,2018-02-15
4047,2018-02-16
4048,2018-02-19
4049,2018-02-20
4050,2018-02-21
4051,2018-02-22
4052,2018-02-23
4053,2018-02-26
4054,2018-02-27
4055,2018-02-28
4056,2018-03-01
4057,2018-03-02
4058,2018-03-05
4059,2018-03-06
4060,2018-03-07
4061,2018-03-08
4062,2018-03-09
4063,2018-03-12
4064,2018-03-13
4065,2018-03-14
4066,2018-03-15
4067,2018-03-16
4068,2018-03-19
4069,2018-03-20
4070,2018-03-21
4071,2018-03-22
4072,2018-03-23
4073,2018-03-26
4074,2018-03-27
4075,2018-03-28
4076,2018-03-29
4077,2018-03-30
4078,2018-03-31
4079,2018-04-02
4080,2018-04-03
4081,2018-04-04
4082,2018-04-05
4083,2018-04-06
4084,2018-04-09
4085,2018-04-10
4086,2018-04-11
4087,2018-04-12
4088,2018-04-13
4089,2018-04-16
4090,2018-04-17
4091,2018-04-18
4092,2018-04-19
4093,2018-04-20
4094,2018-04-23
4095,2018-04-24
4096,2018-04-25
4097,2018-04-26
4098,2018-04-27
4099,2018-04-30
4100,2018-05-01
4101,2018-05-02
4102,2018-05-03
4103,2018-05-04
4104,2018-05-07
4105,2018-05-08
4106,2018-05-09
4107,2018-05-10
4108,2018-05-11
4109,2018-05-14
4110,2018-05-15
4111,2018-05-16
4112,2018-05-17
4113,2018-05-18
4114,2018-05-21
4115,2018-05-22
4116,2018-05-23
4117,2018-05-24
4118,2018-05-25
4119,2018-05-28
4120,2018-05-29
4121,2018-05-30
4122,2018-05-31
4123,2018-06-01
4124,2018-06-04
4125,2018-06-05
4126,2018-06-06
4127,2018-06-07
4128,2018-06-08
4129,2018-06-11
4130,2018-06-12
4131,2018-06-13
4132,2018-06-14
4133,2018-06-15
4134,2018-06-18
4135,2018-06-19
4136,2018-06-20
4137,2018-06-21
4138,2018-06-22
4139,2018-06-25
4140,2018-06-26
4141,2018-06-27
4142,2018-06-28
4143,2018-06-29
4144,2018-07-02
4145,2018-07-03
4146,2018-07-04
4147,2018-07-05
4148,2018-07-06
4149,2018-07-09
4150,2018-07-10
4151,2018-07-11
4152,2018-07-12
4153,2018-07-13
4154,2018-07-16
4155,2018-07-17
4156,2018-07-18
4157,2018-07-19
4158,2018-07-20
4159,2018-07-23
4160,2018-07-24
4161,2018-07-25
4162,2018-07-26
4163,2018-07-27
4164,2018-07-30
4165,2018-07-31
4166,2018-08-01
4167,2018-08-02
4168,2018-08-03
4169,2018-08-06
4170,2018-08-07
4171,2018-08-08
4172,2018-08-09
4173,2018-08-10
4174,2018-08-13
4175,2018-08-14
4176,2018-08-15
4177,2018-08-16
4178,2018-08-17
4179,2018-08-20
4180,2018-08-21
4181,2018-08-22
4182,2018-08-23
4183,2018-08-24
4184,2018-08-27
4185,2018-08-28
4186,2018-08-29
4187,2018-08-30
4188,2018-08-31
4189,2018-09-03
4190,2018-09-04
4191,2018-09-05
4192,2018-09-06
4193,2018-09-07
4194,2018-09-10
4195,2018-09-11
4196,2018-09-12
4197,2018-09-13
4198,2018-09-14
4199,2018-09-17
4200,2018-09-18
4201,2018-09-19
4202,2018-09-20
4203,2018-09-21
4204,2018-09-24
4205,2018-09-25
4206,2018-09-26
4207,2018-09-27
4208,2018-09-28
4209,2018-10-01
4210,2018-10-02
4211,2018-10-03
4212,2018-10-04
4213,2018-10-05
4214,2018-10-08
4215,2018-10-09
4216,2018-10-10
4217,2018-10-11
4218,2018-10-12
4219,2018-10-15
4220,2018-10-16
4221,2018-10-17
4222,2018-10-18
4223,2018-10-19
4224,2018-10-22
4225,2018-10-23
4226,2018-10-24
4227,2018-10-25
4228,2018-10-26
4229,2018-10-29
4230,2018-10-30
4231,2018-10-31
4232,2018-11-01
4233,2018-11-02
4234,2018-11-05
4235,2018-11-06
4236,2018-11-07
4237,2018-11-08
4238,2018-11-09
4239,
4240,2018-11-12
4241,2018-11-13
4242,2018-11-14
4243,2018-11-15
4244,2018-11-16
4245,2018-11-19
4246,2018-11-20
4247,2018-11-21
4248,2018-11-22
4249,2018-11-23
4250,2018-11-26
4251,2018-11-27
4252,2018-11-28
4253,2018-11-29
4254,2018-11-30
4255,2018-12-03
4256,2018-12-04
4257,2018-12-05
4258,2018-12-06
4259,2018-12-07
4260,2018-12-10
4261,2018-12-11
4262,2018-12-12
4263,2018-12-13
4264,2018-12-14
4265,2018-12-17
4266,2018-12-18
4267,2018-12-19
4268,2018-12-20
4269,2018-12-21
4270,2018-12-22
4271,2018-12-24
4272,2018-12-25
4273,2018-12-26
4274,2018-12-27
4275,2018-12-28
4276,2018-12-31
4277,2019-01-01
4278,2019-01-02
4279,2019-01-03
4280,2019-01-04
4281,2019-01-07
4282,2019-01-08
4283,2019-01-09
4284,2019-01-10
4285,2019-01-11
4286,2019-01-14
4287,2019-01-15
4288,2019-01-16
4289,2019-01-17
4290,2019-01-18
4291,2019-01-21
4292,2019-01-22
4293,2019-01-23
4294,2019-01-24
4295,2019-01-25
4296,2019-01-28
4297,2019-01-29
4298,2019-01-30
4299,2019-01-31
4300,2019-02-01
4301,2019-02-04
4302,2019-02-05
4303,2019-02-06
4304,2019-02-07
4305,2019-02-08
4306,2019-02-11
4307,2019-02-12
4308,2019-02-13
4309,2019-02-14
4310,2019-02-15
4311,2019-02-18
4312,2019-02-19
4313,2019-02-20
4314,2019-02-21
4315,2019-02-22
4316,2019-02-25
4317,2019-02-26
4318,2019-02-27
4319,2019-02-28
4320,2019-03-01
4321,2019-03-04
4322,2019-03-05
4323,2019-03-06
4324,2019-03-07
4325,2019-03-08
4326,2019-03-11
4327,2019-03-12
4328,2019-03-13
4329,2019-03-14
4330,2019-03-15
4331,2019-03-18
4332,2019-03-19
4333,2019-03-20
4334,2019-03-21
4335,2019-03-22
4336,2019-03-25
4337,2019-03-26
4338,2019-03-27
4339,2019-03-28
4340,2019-03-29
4341,2019-04-01
4342,2019-04-02
4343,2019-04-03
4344,2019-04-04
4345,2019-04-05
4346,2019-04-08
4347,2019-04-09
4348,2019-04-10
4349,2019-04-11
4350,2019-04-12
4351,2019-04-15
4352,2019-04-16
4353,2019-04-17
4354,2019-04-18
4355,2019-04-19
4356,2019-04-22
4357,2019-04-23
4358,2019-04-24
4359,2019-04-25
4360,2019-04-26
4361,2019-04-29
4362,2019-04-30
4363,2019-05-01
4364,2019-05-02
4365,2019-05-03
4366,2019-05-06
4367,2019-05-07
4368,2019-05-08
4369,2019-05-09
4370,2019-05-10
4371,2019-05-13
4372,2019-05-14
4373,2019-05-15
4374,2019-05-16
4375,2019-05-17
4376,2019-05-20
4377,2019-05-21
4378,2019-05-22
4379,2019-05-23
4380,2019-05-24
4381,2019-05-27
4382,2019-05-28
4383,2019-05-29
4384,2019-05-30
4385,2019-05-31
4386,2019-06-03
4387,2019-06-04
4388,2019-06-05
4389,2019-06-06
4390,2019-06-07
4391,2019-06-10
4392,2019-06-11
4393,2019-06-12
4394,2019-06-13
4395,2019-06-14
4396,2019-06-17
4397,2019-06-18
4398,2019-06-19
4399,2019-06-20
4400,2019-06-21
4401,2019-06-24
4402,2019-06-25
4403,2019-06-26
4404,2019-06-27
4405,2019-06-28
4406,2019-07-01
4407,2019-07-02
4408,2019-07-03
4409,2019-07-04
4410,2019-07-05
4411,2019-07-08
4412,2019-07-09
4413,2019-07-10
4414,2019-07-11
4415,2019-07-12
4416,2019-07-15
4417,2019-07-16
4418,2019-07-17
4419,2019-07-18
4420,2019-07-19
4421,2019-07-22
4422,2019-07-23
4423,2019-07-24
4424,2019-07-25
4425,2019-07-26
4426,2019-07-29
4427,2019-07-30
4428,2019-07-31
4429,2019-08-01
4430,2019-08-02
4431,2019-08-05
4432,2019-08-06
4433,2019-08-07
4434,2019-08-08
4435,2019-08-09
4436,2019-08-12
4437,2019-08-13
4438,2019-08-14
4439,2019-08-15
4440,2019-08-16
4441,2019-08-19
4442,2019-08-20
4443,2019-08-21
4444,2019-08-22
4445,2019-08-23
4446,2019-08-26
4447,2019-08-27
4448,2019-08-28
4449,2019-08-29
4450,2019-08-30
4451,2019-09-02
4452,2019-09-03
4453,2019-09-04
4454,2019-09-05
4455,2019-09-06
4456,2019-09-09
4457,2019-09-10
4458,2019-09-11
4459,2019-09-12
4460,2019-09-13
4461,2019-09-16
4462,2019-09-17
4463,2019-09-18
4464,2019-09-19
4465,2019-09-20
4466,2019-09-23
4467,2019-09-24
4468,2019-09-25
4469,2019-09-26
4470,2019-09-27
4471,2019-09-30
4472,2019-10-01
4473,2019-10-02
4474,2019-10-03
4475,2019-10-04
4476,2019-10-07
4477,2019-10-08
4478,2019-10-09
4479,2019-10-10
4480,2019-10-11
4481,2019-10-14
4482,2019-10-15
4483,2019-10-16
4484,2019-10-17
4485,2019-10-18
4486,2019-10-21
4487,2019-10-22
4488,2019-10-23
4489,2019-10-24
4490,2019-10-25
4491,2019-10-28
4492,2019-10-29
4493,2019-10-30
4494,2019-10-31
4495,2019-11-01
4496,2019-11-04
4497,2019-11-05
4498,2019-11-06
4499,2019-11-07
4500,2019-11-08
4501,2019-11-11
4502,2019-11-12
4503,2019-11-13
4504,2019-11-14
4505,2019-11-15
4506,2019-11-18
4507,2019-11-19
4508,2019-11-20
4509,2019-11-21
4510,2019-11-22
4511,2019-11-25
4512,2019-11-26
4513,2019-11-27
4514,2019-11-28
4515,2019-11-29
4516,2019-12-02
4517,2019-12-03
4518,2019-12-04
4519,2019-12-05
4520,2019-12-06
4521,2019-12-09
4522,2019-12-10
4523,2019-12-11
4524,2019-12-12
4525,2019-12-13
4526,2019-12-16
4527,2019-12-17
4528,2019-12-18
4529,2019-12-19
4530,2019-12-20
4531,2019-12-23
4532,2019-12-24
4533,2019-12-25
4534,2019-12-26
4535,2019-12-27
4536,2019-12-30
4537,2019-12-31
4538,2020-01-01
4539,2020-01-02
4540,2020-01-03
4541,2020-01-06
4542,2020-01-07
4543,2020-01-08
4544,2020-01-09
4545,2020-01-10
4546,2020-01-13
4547,2020-01-14
4548,2020-01-15
4549,2020-01-16
4550,2020-01-17
4551,2020-01-20
4552,2020-01-21
4553,2020-01-22
4554,2020-01-23
4555,2020-01-24
4556,2020-01-27
4557,2020-01-28
4558,2020-01-29
4559,2020-01-30
4560,2020-01-31
4561,2020-02-01
4562,2020-02-03
4563,2020-02-04
4564,2020-02-05
4565,2020-02-06
4566,2020-02-07
4567,2020-02-10
4568,2020-02-11
4569,2020-02-12
4570,2020-02-13
4571,2020-02-14
4572,2020-02-17
4573,2020-02-18
4574,2020-02-19
4575,2020-02-20
4576,2020-02-21
4577,2020-02-24
4578,2020-02-25
4579,2020-02-26
4580,2020-02-27
4581,2020-02-28
4582,2020-03-02
4583,2020-03-03
4584,2020-03-04
4585,2020-03-05
4586,2020-03-06
4587,2020-03-09
4588,2020-03-10
4589,2020-03-11
4590,2020-03-12
4591,2020-03-13
4592,2020-03-16
4593,2020-03-17
4594,2020-03-18
4595,2020-03-19
4596,2020-03-20
4597,2020-03-23
4598,2020-03-24
4599,2020-03-25
4600,2020-03-26
4601,2020-03-27
4602,2020-03-30
4603,2020-03-31
4604,2020-04-01
4605,2020-04-02
4606,2020-04-03
4607,2020-04-06
4608,2020-04-07
4609,2020-04-08
4610,2020-04-09
4611,2020-04-10
4612,2020-04-13
4613,2020-04-14
4614,2020-04-15
4615,2020-04-16
4616,2020-04-17
4617,2020-04-20
4618,2020-04-21
4619,2020-04-22
4620,2020-04-23
4621,2020-04-24
4622,2020-04-27
4623,2020-04-28
4624,2020-04-29
4625,2020-04-30
4626,2020-05-01
4627,2020-05-04
4628,2020-05-05
4629,2020-05-06
4630,2020-05-07
4631,2020-05-08
4632,2020-05-11
4633,2020-05-12
4634,2020-05-13
4635,2020-05-14
4636,2020-05-15
4637,2020-05-18
4638,2020-05-19
4639,2020-05-20
4640,2020-05-21
4641,2020-05-22
4642,2020-05-25
4643,2020-05-26
4644,2020-05-27
4645,2020-05-28
4646,2020-05-29
4647,2020-06-01
4648,2020-06-02
4649,2020-06-03
4650,2020-06-04
4651,2020-06-05
4652,2020-06-08
4653,2020-06-09
4654,2020-06-10
4655,2020-06-11
4656,2020-06-12
4657,2020-06-15
4658,2020-06-16
4659,2020-06-17
4660,2020-06-18
4661,2020-06-19
4662,2020-06-22
4663,2020-06-23
4664,2020-06-24
4665,2020-06-25
4666,2020-06-26
4667,2020-06-29
4668,2020-06-30
4669,2020-07-01
4670,2020-07-02
4671,2020-07-03
4672,2020-07-06
4673,2020-07-07
4674,2020-07-08
4675,2020-07-09
4676,2020-07-10
4677,2020-07-13
4678,2020-07-14
4679,2020-07-15
4680,2020-07-16
4681,2020-07-17
4682,2020-07-20
4683,2020-07-21
4684,2020-07-22
4685,2020-07-23
4686,2020-07-24
4687,2020-07-27
4688,2020-07-28
4689,2020-07-29
4690,2020-07-30
4691,2020-07-31
4692,2020-08-03
4693,2020-08-04
4694,2020-08-05
4695,2020-08-06
4696,2020-08-07
4697,2020-08-10
4698,2020-08-11
4699,2020-08-12
4700,2020-08-13
4701,2020-08-14
4702,2020-08-17
4703,2020-08-18
4704,2020-08-19
4705,2020-08-20
4706,2020-08-21
4707,2020-08-24
4708,2020-08-25
4709,2020-08-26
4710,2020-08-27
4711,2020-08-28
4712,2020-08-31
4713,2020-09-01
4714,2020-09-02
4715,2020-09-03
4716,2020-09-04
4717,2020-09-07
4718,2020-09-08
4719,2020-09-09
4720,2020-09-10
4721,2020-09-11
4722,2020-09-14
4723,2020-09-15
4724,2020-09-16
4725,2020-09-17
4726,2020-09-18
4727,2020-09-21
4728,2020-09-22
4729,2020-09-23
4730,2020-09-24
4731,2020-09-25
4732,2020-09-28
4733,2020-09-29
4734,2020-09-30
4735,2020-10-01
4736,2020-10-02
4737,2020-10-05
4738,2020-10-06
4739,2020-10-07
4740,2020-10-08
4741,2020-10-09
4742,2020-10-12
4743,2020-10-13
4744,2020-10-14
4745,2020-10-15
4746,2020-10-16
4747,2020-10-19
4748,2020-10-20
4749,2020-10-21
4750,2020-10-22
4751,2020-10-23
4752,2020-10-26
4753,2020-10-27
4754,2020-10-28
4755,2020-10-29
4756,2020-10-30
4757,2020-11-02
4758,2020-11-03
4759,2020-11-04
4760,2020-11-05
4761,2020-11-06
4762,2020-11-09
4763,2020-11-10
4764,2020-11-11
4765,2020-11-12
4766,
4767,2020-11-14
4768,2020-11-13
4769,2020-11-16
4770,2020-11-17
4771,2020-11-18
4772,2020-11-19
4773,2020-11-20
4774,2020-11-23
4775,2020-11-24
4776,2020-11-25
4777,2020-11-26
4778,2020-11-27
4779,2020-11-30
4780,2020-12-01
4781,2020-12-02
4782,2020-12-03
4783,2020-12-04
4784,2020-12-07
4785,2020-12-08
4786,2020-12-09
4787,2020-12-10
4788,2020-12-11
4789,2020-12-14
4790,2020-12-15
4791,2020-12-16
4792,2020-12-17
4793,2020-12-18
4794,2020-12-21
4795,2020-12-22
4796,2020-12-23
4797,2020-12-24
4798,2020-12-25
4799,2020-12-28
4800,2020-12-29
4801,2020-12-30
4802,2020-12-31
4803,2021-01-01
4804,2021-01-04
4805,2021-01-05
4806,2021-01-06
4807,2021-01-07
4808,2021-01-08
4809,2021-01-11
4810,2021-01-12
4811,2021-01-13
4812,2021-01-14
4813,2021-01-15
4814,2021-01-18
4815,2021-01-19
4816,2021-01-20
4817,2021-01-21
4818,2021-01-22
4819,2021-01-25
4820,2021-01-26
4821,2021-01-27
4822,2021-01-28
4823,2021-01-29
4824,2021-02-01
4825,2021-02-02
4826,2021-02-03
4827,2021-02-04
4828,2021-02-05
4829,2021-02-08
4830,2021-02-09
4831,2021-02-10
4832,2021-02-11
4833,2021-02-12
4834,2021-02-15
4835,2021-02-16
4836,2021-02-17
4837,2021-02-18
4838,2021-02-19
4839,2021-02-22
4840,2021-02-23
4841,2021-02-24
4842,2021-02-25
4843,2021-02-26
4844,2021-03-01
4845,2021-03-02
4846,2021-03-03
4847,2021-03-04
4848,2021-03-05
4849,2021-03-08
4850,2021-03-09
4851,2021-03-10
4852,2021-03-11
4853,2021-03-12
4854,2021-03-15
4855,2021-03-16
4856,2021-03-17
4857,2021-03-18
4858,2021-03-19
4859,2021-03-22
4860,2021-03-23
4861,2021-03-24
4862,2021-03-25
4863,2021-03-26
4864,2021-03-29
4865,2021-03-30
4866,2021-03-31
4867,2021-04-01
4868,2021-04-02
4869,2021-04-05
4870,2021-04-06
4871,2021-04-07
4872,2021-04-08
4873,2021-04-09
4874,2021-04-12
4875,2021-04-13
4876,2021-04-14
4877,2021-04-15
4878,2021-04-16
4879,2021-04-19
4880,2021-04-20
4881,2021-04-21
4882,2021-04-22
4883,2021-04-23
4884,2021-04-26
4885,2021-04-27
4886,2021-04-28
4887,2021-04-29
4888,2021-04-30
4889,2021-05-03
4890,2021-05-04
4891,2021-05-05
4892,2021-05-06
4893,2021-05-07
4894,2021-05-10
4895,2021-05-11
4896,2021-05-12
4897,2021-05-13
4898,2021-05-14
4899,2021-05-17
4900,2021-05-18
4901,2021-05-19
4902,2021-05-20
4903,2021-05-21
4904,2021-05-24
4905,2021-05-25
4906,2021-05-26
4907,2021-05-27
4908,2021-05-28
4909,2021-05-31
4910,2021-06-01
4911,2021-06-02
4912,2021-06-03
4913,2021-06-04
4914,2021-06-07
4915,2021-06-08
4916,2021-06-09
4917,2021-06-10
4918,2021-06-11
4919,2021-06-14
4920,2021-06-15
4921,2021-06-16
4922,2021-06-17
4923,2021-06-18
4924,2021-06-21
4925,2021-06-22
4926,2021-06-23
4927,2021-06-24
4928,2021-06-25
4929,2021-06-28
4930,2021-06-29
4931,2021-06-30
4932,2021-07-01
4933,2021-07-02
4934,2021-07-05
4935,2021-07-06
4936,2021-07-07
4937,2021-07-08
4938,2021-07-09
4939,2021-07-12
4940,2021-07-13
4941,2021-07-14
4942,2021-07-15
4943,2021-07-16
4944,2021-07-19
4945,2021-07-20
4946,2021-07-21
4947,2021-07-22
4948,2021-07-23
4949,2021-07-26
4950,2021-07-27
4951,2021-07-28
4952,2021-07-29
4953,2021-07-30
4954,2021-08-02
4955,2021-08-03
4956,2021-08-04
4957,2021-08-05
4958,2021-08-06
4959,2021-08-09
4960,2021-08-10
4961,2021-08-11
4962,2021-08-12
4963,2021-08-13
4964,2021-08-16
4965,2021-08-17
4966,2021-08-18
4967,2021-08-19
4968,2021-08-20
4969,2021-08-23
4970,2021-08-24
4971,2021-08-25
4972,2021-08-26
4973,2021-08-27
4974,2021-08-30
4975,2021-08-31
4976,2021-09-01
4977,2021-09-02
4978,2021-09-03
4979,2021-09-06
4980,2021-09-07
4981,2021-09-08
4982,2021-09-09
4983,2021-09-10
4984,2021-09-13
4985,2021-09-14
4986,2021-09-15
4987,2021-09-16
4988,2021-09-17
4989,2021-09-20
4990,2021-09-21
4991,2021-09-22
4992,2021-09-23
4993,2021-09-24
4994,2021-09-27
4995,2021-09-28
4996,2021-09-29
4997,2021-09-30
4998,2021-10-01
4999,2021-10-04
5000,2021-10-05
5001,2021-10-06
5002,2021-10-07
5003,2021-10-08
5004,2021-10-11
5005,2021-10-12
5006,2021-10-13
5007,2021-10-14
5008,2021-10-15
5009,2021-10-18
5010,2021-10-19
5011,2021-10-20
5012,2021-10-21
5013,2021-10-22
5014,2021-10-25
5015,2021-10-26
5016,2021-10-27
5017,2021-10-28
5018,2021-10-29
5019,2021-11-01
5020,2021-11-02
5021,2021-11-03
5022,2021-11-04
5023,2021-11-05
5024,2021-11-08
5025,2021-11-09
5026,2021-11-10
5027,2021-11-11
5028,2021-11-12
5029,2021-11-15
5030,2021-11-16
5031,2021-11-17
5032,2021-11-18
5033,2021-11-19
5034,2021-11-22
5035,2021-11-23
5036,2021-11-24
5037,2021-11-25
5038,2021-11-26
5039,2021-11-29
5040,2021-11-30
5041,2021-12-01
5042,2021-12-02
5043,2021-12-03
5044,2021-12-06
5045,2021-12-07
5046,2021-12-08
5047,2021-12-09
5048,2021-12-10
5049,2021-12-13
5050,2021-12-14
5051,2021-12-15
5052,2021-12-16
5053,2021-12-17
5054,2021-12-20
5055,2021-12-21
5056,2021-12-22
5057,2021-12-23
5058,2021-12-24
5059,2021-12-27
5060,2021-12-28
5061,2021-12-29
5062,2021-12-30
5063,2021-12-31
5064,2022-01-03
5065,2022-01-04
5066,2022-01-05
5067,2022-01-06
5068,2022-01-07
5069,2022-01-10
5070,2022-01-11
5071,2022-01-12
5072,2022-01-13
5073,2022-01-14
5074,2022-01-17
5075,2022-01-18
5076,2022-01-19
5077,2022-01-20
5078,2022-01-21
5079,2022-01-24
5080,2022-01-25
5081,2022-01-26
5082,2022-01-27
5083,2022-01-28
5084,2022-01-31
5085,2022-02-01
5086,2022-02-02
5087,2022-02-03
5088,2022-02-04
5089,2022-02-07
5090,2022-02-08
5091,2022-02-09
5092,2022-02-10
5093,2022-02-11
5094,2022-02-14
5095,2022-02-15
5096,2022-02-16
5097,2022-02-17
5098,2022-02-18
5099,2022-02-21
5100,2022-02-22
5101,2022-02-23
5102,2022-02-24
5103,2022-02-25
5104,2022-02-28
5105,2022-03-01
5106,2022-03-02
5107,2022-03-03
5108,2022-03-04
5109,2022-03-07
5110,2022-03-08
5111,2022-03-09
5112,2022-03-10
5113,2022-03-11
5114,2022-03-14
5115,2022-03-15
5116,2022-03-16
5117,2022-03-17
5118,2022-03-18
5119,2022-03-21
5120,2022-03-22
5121,2022-03-23
5122,2022-03-24
5123,2022-03-25
5124,2022-03-28
5125,2022-03-29
5126,2022-03-30
5127,2022-03-31
5128,2022-04-01
5129,2022-04-04
5130,2022-04-05
5131,2022-04-06
5132,2022-04-07
5133,2022-04-08
5134,2022-04-11
5135,2022-04-12
5136,2022-04-13
5137,2022-04-14
5138,2022-04-15
5139,2022-04-18
5140,2022-04-19
5141,2022-04-20
5142,2022-04-21
5143,2022-04-22
5144,2022-04-25
5145,2022-04-26
5146,2022-04-27
5147,2022-04-28
5148,2022-04-29
5149,2022-05-02
5150,2022-05-03
5151,2022-05-04
5152,2022-05-05
5153,2022-05-06
5154,2022-05-09
5155,2022-05-10
5156,2022-05-11
5157,2022-05-12
5158,2022-05-13
5159,2022-05-16
5160,2022-05-17
5161,2022-05-18
5162,2022-05-19
5163,2022-05-20
5164,2022-05-23
5165,2022-05-24
5166,2022-05-25
5167,2022-05-26
5168,2022-05-27
5169,2022-05-30
5170,2022-05-31
5171,2022-06-01
5172,2022-06-02
5173,2022-06-03
5174,2022-06-06
5175,2022-06-07
5176,2022-06-08
5177,2022-06-09
5178,2022-06-10
5179,2022-06-13
5180,2022-06-14
5181,2022-06-15
5182,2022-06-16
5183,2022-06-17
5184,2022-06-20
5185,2022-06-21
5186,2022-06-22
5187,2022-06-23
5188,2022-06-24
5189,2022-06-27
5190,2022-06-28
5191,2022-06-29
5192,2022-06-30
5193,2022-07-01
5194,2022-07-04
5195,2022-07-05
5196,2022-07-06
5197,2022-07-07
5198,2022-07-08
5199,2022-07-11
5200,2022-07-12
5201,2022-07-13
5202,2022-07-14
5203,2022-07-15
5204,2022-07-18
5205,2022-07-19
5206,2022-07-20
5207,2022-07-21
5208,2022-07-22
5209,2022-07-25
5210,2022-07-26
5211,2022-07-27
5212,2022-07-28
5213,2022-07-29
5214,2022-08-01
5215,2022-08-02
5216,2022-08-03
5217,2022-08-04
5218,2022-08-05
5219,2022-08-08
5220,2022-08-09
5221,2022-08-10
5222,2022-08-11
5223,2022-08-12
5224,2022-08-15
5225,2022-08-16
5226,2022-08-17
5227,2022-08-18
5228,2022-08-19
5229,2022-08-22
5230,2022-08-23
5231,2022-08-24
5232,2022-08-25
5233,2022-08-26
5234,2022-08-29
5235,2022-08-30
5236,2022-08-31
5237,2022-09-01
5238,2022-09-02
5239,2022-09-05
5240,2022-09-06
5241,2022-09-07
5242,2022-09-08
5243,2022-09-09
5244,2022-09-12
5245,2022-09-13
5246,2022-09-14
5247,2022-09-15
5248,2022-09-16
5249,2022-09-19
5250,2022-09-20
5251,2022-09-21
5252,2022-09-22
5253,2022-09-23
5254,2022-09-26
5255,2022-09-27
5256,2022-09-28
5257,2022-09-29
5258,2022-09-30
5259,2022-10-03
5260,2022-10-04
5261,2022-10-05
5262,2022-10-06
5263,2022-10-07
5264,2022-10-10
5265,2022-10-11
5266,2022-10-12
5267,2022-10-13
5268,2022-10-14
5269,2022-10-17
5270,2022-10-18
5271,2022-10-19
5272,2022-10-20
5273,2022-10-21
5274,2022-10-24
5275,2022-10-25
5276,2022-10-26
5277,2022-10-27
5278,2022-10-28
5279,2022-10-31
5280,2022-11-01
5281,2022-11-02
5282,2022-11-03
5283,2022-11-04
5284,2022-11-07
5285,2022-11-08
5286,2022-11-09
5287,2022-11-10
5288,2022-11-11
5289,2022-11-14
5290,2022-11-15
5291,2022-11-16
5292,2022-11-17
5293,2022-11-18
5294,2022-11-21
5295,2022-11-22
5296,2022-11-23
5297,2022-11-24
5298,2022-11-25
5299,2022-11-28
5300,2022-11-29
5301,2022-11-30
5302,2022-12-01
5303,2022-12-02
5304,2022-12-05
5305,2022-12-06
5306,2022-12-07
5307,2022-12-08
5308,2022-12-09
5309,2022-12-12
5310,2022-12-13
5311,2022-12-14
5312,2022-12-15
5313,2022-12-16
5314,2022-12-19
5315,2022-12-20
5316,2022-12-21
5317,2022-12-22
5318,2022-12-23
5319,2022-12-26
5320,2022-12-27
5321,2022-12-28
5322,2022-12-29
5323,2022-12-30
5324,2023-01-02
5325,2023-01-03
5326,2023-01-04
5327,2023-01-05
5328,2023-01-06
5329,2023-01-09
5330,2023-01-10
5331,2023-01-11
5332,2023-01-12
5333,2023-01-13
5334,2023-01-16
5335,2023-01-17
5336,2023-01-18
5337,2023-01-19
5338,2023-01-20
5339,2023-01-23
5340,2023-01-24
5341,2023-01-25
5342,2023-01-26
5343,2023-01-27
5344,2023-01-30
5345,2023-01-31
5346,2023-02-01
5347,2023-02-02
5348,2023-02-03
5349,2023-02-06
5350,2023-02-07
5351,2023-02-08
5352,2023-02-09
5353,2023-02-10
5354,2023-02-13
5355,2023-02-14
5356,2023-02-15
5357,2023-02-16
5358,2023-02-17
5359,2023-02-20
5360,2023-02-21
5361,2023-02-22
5362,2023-02-23
5363,2023-02-24
5364,2023-02-27
5365,2023-02-28
5366,2023-03-01
5367,2023-03-02
5368,2023-03-03
5369,2023-03-06
5370,2023-03-07
5371,2023-03-08
5372,2023-03-09
5373,2023-03-10
5374,2023-03-13
5375,2023-03-14
5376,2023-03-15
5377,2023-03-16
5378,2023-03-17
5379,2023-03-20
5380,2023-03-21
5381,2023-03-22
5382,2023-03-23
5383,2023-03-24
5384,2023-03-27
5385,2023-03-28
5386,2023-03-29
5387,2023-03-30
5388,2023-03-31
5389,2023-04-03
5390,2023-04-04
5391,2023-04-05
5392,2023-04-06
5393,2023-04-07
5394,2023-04-10
5395,2023-04-11
5396,2023-04-12
5397,2023-04-13
5398,2023-04-14
5399,2023-04-17
5400,2023-04-18
5401,2023-04-19
5402,2023-04-20
5403,2023-04-21
5404,2023-04-24
5405,2023-04-25
5406,2023-04-26
5407,2023-04-27
5408,2023-04-28
5409,2023-05-01
5410,2023-05-02
5411,2023-05-03
5412,2023-05-04
5413,2023-05-05
5414,2023-05-08
5415,2023-05-09
5416,2023-05-10
5417,2023-05-11
5418,2023-05-12
5419,2023-05-15
5420,2023-05-16
5421,2023-05-17
5422,2023-05-18
5423,2023-05-19
5424,2023-05-22
5425,2023-05-23
5426,2023-05-24
5427,2023-05-25
5428,2023-05-26
5429,2023-05-29
5430,2023-05-30
5431,2023-05-31
5432,2023-06-01
5433,2023-06-02
5434,2023-06-05
5435,2023-06-06
5436,2023-06-07
5437,2023-06-08
5438,2023-06-09
5439,2023-06-12
5440,2023-06-13
5441,2023-06-14
5442,2023-06-15
5443,2023-06-16
5444,2023-06-19
5445,2023-06-20
5446,2023-06-21
5447,2023-06-22
5448,2023-06-23
5449,2023-06-26
5450,2023-06-27
5451,2023-06-28
5452,2023-06-29
5453,2023-06-30
5454,2023-07-03
5455,2023-07-04
5456,2023-07-05
5457,2023-07-06
5458,2023-07-07
5459,2023-07-10
5460,2023-07-11
5461,2023-07-12
5462,2023-07-13
5463,2023-07-14
5464,2023-07-17
5465,2023-07-18
5466,2023-07-19
5467,2023-07-20
5468,2023-07-21
5469,2023-07-24
5470,2023-07-25
5471,2023-07-26
5472,2023-07-27
5473,2023-07-28
5474,2023-07-31
5475,2023-08-01
5476,2023-08-02
5477,2023-08-03
5478,2023-08-04
5479,2023-08-07
5480,2023-08-08
5481,2023-08-09
5482,2023-08-10
5483,2023-08-11
5484,2023-08-14
5485,2023-08-15
5486,2023-08-16
5487,2023-08-17
5488,2023-08-18
5489,2023-08-21
5490,2023-08-22
5491,2023-08-23
5492,2023-08-24
